,Mouse,Amplitude,TimeBin,Motion
0,RLI5-1,0.25mA,1,1.443082500459087
1,RLI5-2,1.5mA,1,2.2924921918157666
2,RLI5-3,0.25mA,1,2.3895579307780963
3,RLI5-4,1.5mA,1,2.093545435812301
4,RLI5-5,0.25mA,1,0.9064521320755564
5,RLI5-6,1.5mA,1,0.2678203598565846
6,RLI5-7,0.25mA,1,2.663704613811956
7,RLI5-8,1.5mA,1,1.8994675388982523
8,RLI5-9,0.25mA,1,1.93413949029146
9,RLI5-10,1.5mA,1,2.369581138973464
10,RLI6-1,0.25mA,1,2.5021530631194824
11,RLI6-2,1.5mA,1,1.5254965710181563
12,RLI6-3,0.25mA,1,2.2551091416638998
13,RLI6-4,1.5mA,1,2.157305350329036
14,RLI6-6,1.5mA,1,1.4631800364181575
15,RLI6-8,0.25mA,1,2.2329640838834526
16,RLI6-9,1.5mA,1,2.530561324787715
17,RLI6-10,0.25mA,1,2.7508301772815025
18,RLI6-11,1.5mA,1,1.503266222998408
19,RLI6-12,0.25mA,1,3.1813111273133563
20,RLI8-3,1.5mA,1,1.5287195538758303
21,RLI8-6,1.5mA,1,0.9217746429296779
22,RLI5-1,0.25mA,2,1.893208012018992
23,RLI5-2,1.5mA,2,2.358461668639126
24,RLI5-3,0.25mA,2,2.543825452010064
25,RLI5-4,1.5mA,2,2.0338884920521068
26,RLI5-5,0.25mA,2,1.8765615005954466
27,RLI5-6,1.5mA,2,0.3619963650953083
28,RLI5-7,0.25mA,2,2.6583046023610644
29,RLI5-8,1.5mA,2,0.4633651248212626
30,RLI5-9,0.25mA,2,1.8101812093704197
31,RLI5-10,1.5mA,2,2.0367874396798094
32,RLI6-1,0.25mA,2,2.447743402359103
33,RLI6-2,1.5mA,2,1.5008641391771242
34,RLI6-3,0.25mA,2,2.4808992077340473
35,RLI6-4,1.5mA,2,2.577743373886463
36,RLI6-6,1.5mA,2,1.7554536229190862
37,RLI6-8,0.25mA,2,2.286165165060605
38,RLI6-9,1.5mA,2,2.6618348132301572
39,RLI6-10,0.25mA,2,3.4319889256133784
40,RLI6-11,1.5mA,2,0.44260829268128976
41,RLI6-12,0.25mA,2,3.0794654929203933
42,RLI8-3,1.5mA,2,1.0214568608228753
43,RLI8-6,1.5mA,2,0.5451301875558998
44,RLI5-1,0.25mA,3,1.2258214100914837
45,RLI5-2,1.5mA,3,1.5028569295877747
46,RLI5-3,0.25mA,3,2.3398230811695595
47,RLI5-4,1.5mA,3,1.2380682071062357
48,RLI5-5,0.25mA,3,1.6763392176005707
49,RLI5-6,1.5mA,3,1.12563030809277
50,RLI5-7,0.25mA,3,3.033993770672791
51,RLI5-8,1.5mA,3,0.5184190283692116
52,RLI5-9,0.25mA,3,1.8943763263686335
53,RLI5-10,1.5mA,3,1.9523530198130634
54,RLI6-1,0.25mA,3,2.4221974106656416
55,RLI6-2,1.5mA,3,1.847885591156421
56,RLI6-3,0.25mA,3,1.77086771491538
57,RLI6-4,1.5mA,3,1.5797245387818917
58,RLI6-6,1.5mA,3,2.3770455310616483
59,RLI6-8,0.25mA,3,2.523250379505046
60,RLI6-9,1.5mA,3,2.6166073934519436
61,RLI6-10,0.25mA,3,3.3419180716959658
62,RLI6-11,1.5mA,3,1.0768823467673316
63,RLI6-12,0.25mA,3,2.7456777647510875
64,RLI8-3,1.5mA,3,1.411857369898937
65,RLI8-6,1.5mA,3,1.0144641817293365
66,RLI5-1,0.25mA,4,1.7600805095820062
67,RLI5-2,1.5mA,4,2.0316364555855295
68,RLI5-3,0.25mA,4,2.2681800187024455
69,RLI5-4,1.5mA,4,1.9174775530964632
70,RLI5-5,0.25mA,4,1.8705026499643835
71,RLI5-6,1.5mA,4,1.7937394189050417
72,RLI5-7,0.25mA,4,2.294862754135059
73,RLI5-8,1.5mA,4,0.985690388230379
74,RLI5-9,0.25mA,4,1.127702926328379
75,RLI5-10,1.5mA,4,2.1533653038054053
76,RLI6-1,0.25mA,4,2.8016914139073243
77,RLI6-2,1.5mA,4,2.5089184609881108
78,RLI6-3,0.25mA,4,1.3909641670340567
79,RLI6-4,1.5mA,4,0.7966264103777935
80,RLI6-6,1.5mA,4,2.6527217477672087
81,RLI6-8,0.25mA,4,2.7882856807178618
82,RLI6-9,1.5mA,4,1.4929877890077943
83,RLI6-10,0.25mA,4,2.6105613607833447
84,RLI6-11,1.5mA,4,0.588613964606847
85,RLI6-12,0.25mA,4,3.034504124480096
86,RLI8-3,1.5mA,4,1.6305900966241988
87,RLI8-6,1.5mA,4,1.2872366007548337
88,RLI5-1,0.25mA,5,0.8851146157786085
89,RLI5-2,1.5mA,5,1.9216962612896011
90,RLI5-3,0.25mA,5,1.9998503834716188
91,RLI5-4,1.5mA,5,2.07330739369533
92,RLI5-5,0.25mA,5,0.8812906731588642
93,RLI5-6,1.5mA,5,1.5909600828458217
94,RLI5-7,0.25mA,5,1.9206126061205375
95,RLI5-8,1.5mA,5,1.9748882918222281
96,RLI5-9,0.25mA,5,1.7765414188060686
97,RLI5-10,1.5mA,5,2.3617431304931515
98,RLI6-1,0.25mA,5,1.328817415680071
99,RLI6-2,1.5mA,5,1.6199807431956756
100,RLI6-3,0.25mA,5,2.4636890378156475
101,RLI6-4,1.5mA,5,0.679490540979093
102,RLI6-6,1.5mA,5,1.7190734023384644
103,RLI6-8,0.25mA,5,3.194690050664871
104,RLI6-9,1.5mA,5,1.0280342071272142
105,RLI6-10,0.25mA,5,2.74092549504519
106,RLI6-11,1.5mA,5,2.407009836661389
107,RLI6-12,0.25mA,5,2.99542631437131
108,RLI8-3,1.5mA,5,0.8483771454093747
109,RLI8-6,1.5mA,5,1.6857495443288437
110,RLI5-1,0.25mA,6,0.5663187559110461
111,RLI5-2,1.5mA,6,2.280655601599013
112,RLI5-3,0.25mA,6,1.907239364182082
113,RLI5-4,1.5mA,6,1.3033002999833356
114,RLI5-5,0.25mA,6,1.983195131296995
115,RLI5-6,1.5mA,6,1.332288882323629
116,RLI5-7,0.25mA,6,3.01299104682574
117,RLI5-8,1.5mA,6,1.3213596233494969
118,RLI5-9,0.25mA,6,1.93785323487279
119,RLI5-10,1.5mA,6,2.0759559382194404
120,RLI6-1,0.25mA,6,1.3901057779656047
121,RLI6-2,1.5mA,6,1.8564418130939493
122,RLI6-3,0.25mA,6,1.5841999452119218
123,RLI6-4,1.5mA,6,0.7910757201538142
124,RLI6-6,1.5mA,6,1.995937498960158
125,RLI6-8,0.25mA,6,2.2799250542046714
126,RLI6-9,1.5mA,6,2.4676081776110665
127,RLI6-10,0.25mA,6,2.905679004890007
128,RLI6-11,1.5mA,6,2.1072024969436733
129,RLI6-12,0.25mA,6,2.9460096362233275
130,RLI8-3,1.5mA,6,1.5267138244926044
131,RLI8-6,1.5mA,6,1.1276209107464612
132,RLI5-1,0.25mA,7,1.0110580627421075
133,RLI5-2,1.5mA,7,1.331567492808151
134,RLI5-3,0.25mA,7,2.727196071790038
135,RLI5-4,1.5mA,7,0.9744328267675257
136,RLI5-5,0.25mA,7,1.3168419981015391
137,RLI5-6,1.5mA,7,1.0594334587130807
138,RLI5-7,0.25mA,7,3.2115351360005313
139,RLI5-8,1.5mA,7,1.5874606815353736
140,RLI5-9,0.25mA,7,0.8849702572983089
141,RLI5-10,1.5mA,7,1.7762188604685758
142,RLI6-1,0.25mA,7,2.4882836984954575
143,RLI6-2,1.5mA,7,2.128271771714325
144,RLI6-3,0.25mA,7,1.0341702234844234
145,RLI6-4,1.5mA,7,2.0221638300134384
146,RLI6-6,1.5mA,7,1.6501877921952524
147,RLI6-8,0.25mA,7,2.2958804301967555
148,RLI6-9,1.5mA,7,2.476115260594959
149,RLI6-10,0.25mA,7,2.264613775101381
150,RLI6-11,1.5mA,7,2.0957183479830572
151,RLI6-12,0.25mA,7,3.313220766856423
152,RLI8-3,1.5mA,7,1.5747272161566093
153,RLI8-6,1.5mA,7,1.441593078659728
154,RLI5-1,0.25mA,8,0.8354433832956057
155,RLI5-2,1.5mA,8,2.4313799339650646
156,RLI5-3,0.25mA,8,0.6782735215092613
157,RLI5-4,1.5mA,8,1.9219802748715453
158,RLI5-5,0.25mA,8,1.9488304780125167
159,RLI5-6,1.5mA,8,0.6259129051209154
160,RLI5-7,0.25mA,8,1.6721606633915003
161,RLI5-8,1.5mA,8,1.1631734100984952
162,RLI5-9,0.25mA,8,1.2089471390967408
163,RLI5-10,1.5mA,8,1.5855393821708312
164,RLI6-1,0.25mA,8,2.571864509728954
165,RLI6-2,1.5mA,8,2.0525869921355615
166,RLI6-3,0.25mA,8,2.1077707285466896
167,RLI6-4,1.5mA,8,2.6388639704390293
168,RLI6-6,1.5mA,8,1.9803117380616304
169,RLI6-8,0.25mA,8,2.516794331077117
170,RLI6-9,1.5mA,8,1.974117709801075
171,RLI6-10,0.25mA,8,1.4607208495170625
172,RLI6-11,1.5mA,8,1.9326301347269264
173,RLI6-12,0.25mA,8,2.924617337469379
174,RLI8-3,1.5mA,8,1.3897016739272496
175,RLI8-6,1.5mA,8,2.069216087834923
176,RLI5-1,0.25mA,9,2.021523597157672
177,RLI5-2,1.5mA,9,2.1503609854722434
178,RLI5-3,0.25mA,9,2.5839700684114133
179,RLI5-4,1.5mA,9,2.187807900983805
180,RLI5-5,0.25mA,9,1.680822154266721
181,RLI5-6,1.5mA,9,0.5328948154068391
182,RLI5-7,0.25mA,9,3.0128040138113046
183,RLI5-8,1.5mA,9,1.2961551051599627
184,RLI5-9,0.25mA,9,1.5342915449111276
185,RLI5-10,1.5mA,9,1.9860192083176147
186,RLI6-1,0.25mA,9,2.8484901718062203
187,RLI6-2,1.5mA,9,2.2518107451788913
188,RLI6-3,0.25mA,9,1.2949951650752098
189,RLI6-4,1.5mA,9,2.5910605812895526
190,RLI6-6,1.5mA,9,1.7556677070087545
191,RLI6-8,0.25mA,9,1.7350781390173515
192,RLI6-9,1.5mA,9,1.9162562241224554
193,RLI6-10,0.25mA,9,3.041508611582143
194,RLI6-11,1.5mA,9,1.8009037259486975
195,RLI6-12,0.25mA,9,3.2127938832000256
196,RLI8-3,1.5mA,9,1.909557882720523
197,RLI8-6,1.5mA,9,0.6941296554689946
198,RLI5-1,0.25mA,10,1.5489944942636593
199,RLI5-2,1.5mA,10,2.196248625797837
200,RLI5-3,0.25mA,10,2.539721058678533
201,RLI5-4,1.5mA,10,2.11305798361097
202,RLI5-5,0.25mA,10,0.6352746934533353
203,RLI5-6,1.5mA,10,0.6157703814619611
204,RLI5-7,0.25mA,10,3.5100244941554974
205,RLI5-8,1.5mA,10,1.643423106268211
206,RLI5-9,0.25mA,10,0.9842267694295569
207,RLI5-10,1.5mA,10,2.1914826526914144
208,RLI6-1,0.25mA,10,2.198098956216188
209,RLI6-2,1.5mA,10,2.406650263735371
210,RLI6-3,0.25mA,10,1.4126875637100438
211,RLI6-4,1.5mA,10,2.762068439983788
212,RLI6-6,1.5mA,10,2.802703231088129
213,RLI6-8,0.25mA,10,2.2435688174626187
214,RLI6-9,1.5mA,10,2.410146898710016
215,RLI6-10,0.25mA,10,2.8689369375618994
216,RLI6-11,1.5mA,10,1.9065946749900538
217,RLI6-12,0.25mA,10,3.359312281335023
218,RLI8-3,1.5mA,10,1.2810711426758088
219,RLI8-6,1.5mA,10,0.48326876412877573
220,RLI5-1,0.25mA,11,1.2864727510744707
221,RLI5-2,1.5mA,11,2.050069655482367
222,RLI5-3,0.25mA,11,1.956004613445612
223,RLI5-4,1.5mA,11,2.014833766390628
224,RLI5-5,0.25mA,11,1.519832538254936
225,RLI5-6,1.5mA,11,1.395203567488961
226,RLI5-7,0.25mA,11,0.7419758520833736
227,RLI5-8,1.5mA,11,1.3933274228046533
228,RLI5-9,0.25mA,11,1.886670664371066
229,RLI5-10,1.5mA,11,1.6894372143812943
230,RLI6-1,0.25mA,11,2.6706292548669794
231,RLI6-2,1.5mA,11,2.341452278746514
232,RLI6-3,0.25mA,11,1.5474823661795998
233,RLI6-4,1.5mA,11,2.7276940817405735
234,RLI6-6,1.5mA,11,1.278493803028562
235,RLI6-8,0.25mA,11,2.7858564977582128
236,RLI6-9,1.5mA,11,2.1799697628280814
237,RLI6-10,0.25mA,11,3.32064813780288
238,RLI6-11,1.5mA,11,2.379363916757568
239,RLI6-12,0.25mA,11,3.710470348523731
240,RLI8-3,1.5mA,11,0.920837932732581
241,RLI8-6,1.5mA,11,0.7276173811809085
242,RLI5-1,0.25mA,12,1.0040929221079007
243,RLI5-2,1.5mA,12,1.1115266240040893
244,RLI5-3,0.25mA,12,2.5532896123006767
245,RLI5-4,1.5mA,12,1.5053952715420122
246,RLI5-5,0.25mA,12,2.083697765355004
247,RLI5-6,1.5mA,12,0.4980351784082699
248,RLI5-7,0.25mA,12,2.0505339678807553
249,RLI5-8,1.5mA,12,1.5170863680770998
250,RLI5-9,0.25mA,12,1.6264479934231992
251,RLI5-10,1.5mA,12,1.848707564863411
252,RLI6-1,0.25mA,12,0.8886358294534378
253,RLI6-2,1.5mA,12,2.188726576460619
254,RLI6-3,0.25mA,12,1.8178691658027153
255,RLI6-4,1.5mA,12,2.3916855424053574
256,RLI6-6,1.5mA,12,1.862155067364998
257,RLI6-8,0.25mA,12,2.5373542132613225
258,RLI6-9,1.5mA,12,2.7050794468991626
259,RLI6-10,0.25mA,12,1.9741013380778436
260,RLI6-11,1.5mA,12,2.42778479442812
261,RLI6-12,0.25mA,12,3.3650762953068942
262,RLI8-3,1.5mA,12,1.8748093574684974
263,RLI8-6,1.5mA,12,1.6445701378707698
264,RLI5-1,0.25mA,13,0.6194624980296104
265,RLI5-2,1.5mA,13,1.7118474000670252
266,RLI5-3,0.25mA,13,1.9709759354844707
267,RLI5-4,1.5mA,13,2.3384047416504097
268,RLI5-5,0.25mA,13,1.2550015619651969
269,RLI5-6,1.5mA,13,1.2091478886765465
270,RLI5-7,0.25mA,13,2.649445679777833
271,RLI5-8,1.5mA,13,2.090896644281428
272,RLI5-9,0.25mA,13,1.1846806379181227
273,RLI5-10,1.5mA,13,2.2011016601735327
274,RLI6-1,0.25mA,13,2.986736099238206
275,RLI6-2,1.5mA,13,2.3205844162701865
276,RLI6-3,0.25mA,13,1.1291475114204337
277,RLI6-4,1.5mA,13,2.322675355522462
278,RLI6-6,1.5mA,13,2.2786018199919615
279,RLI6-8,0.25mA,13,2.4582003113075688
280,RLI6-9,1.5mA,13,2.407522745897578
281,RLI6-10,0.25mA,13,2.758985315396583
282,RLI6-11,1.5mA,13,1.5960901985796196
283,RLI6-12,0.25mA,13,2.934504550010378
284,RLI8-3,1.5mA,13,1.9766071127194216
285,RLI8-6,1.5mA,13,1.5469741827477503
286,RLI5-1,0.25mA,14,0.8056224380656666
287,RLI5-2,1.5mA,14,2.258773444105538
288,RLI5-3,0.25mA,14,2.3507992129307707
289,RLI5-4,1.5mA,14,1.1176461172213341
290,RLI5-5,0.25mA,14,2.099811006879497
291,RLI5-6,1.5mA,14,1.484819246995963
292,RLI5-7,0.25mA,14,3.3554599674112646
293,RLI5-8,1.5mA,14,1.774326717607943
294,RLI5-9,0.25mA,14,0.9856337065851487
295,RLI5-10,1.5mA,14,2.8111831753678866
296,RLI6-1,0.25mA,14,2.568668325597751
297,RLI6-2,1.5mA,14,2.1592801672044826
298,RLI6-3,0.25mA,14,1.6595077149017734
299,RLI6-4,1.5mA,14,2.3809718484809785
300,RLI6-6,1.5mA,14,2.3630889288402335
301,RLI6-8,0.25mA,14,2.6602446295803963
302,RLI6-9,1.5mA,14,2.4880546866034927
303,RLI6-10,0.25mA,14,2.6040606327447415
304,RLI6-11,1.5mA,14,2.2050947887692622
305,RLI6-12,0.25mA,14,2.548421426568165
306,RLI8-3,1.5mA,14,1.9243283634078259
307,RLI8-6,1.5mA,14,1.4024130703741002
308,RLI5-1,0.25mA,15,2.008973491411986
309,RLI5-2,1.5mA,15,2.547590252917839
310,RLI5-3,0.25mA,15,2.4679402926340255
311,RLI5-4,1.5mA,15,0.9493067864388401
312,RLI5-5,0.25mA,15,1.752849136432776
313,RLI5-6,1.5mA,15,2.399376745757685
314,RLI5-7,0.25mA,15,2.6861257054851713
315,RLI5-8,1.5mA,15,1.5703571523738404
316,RLI5-9,0.25mA,15,1.9235664360926665
317,RLI5-10,1.5mA,15,2.292611620929555
318,RLI6-1,0.25mA,15,2.591420389454438
319,RLI6-2,1.5mA,15,1.1601900584355411
320,RLI6-3,0.25mA,15,1.8234737804464305
321,RLI6-4,1.5mA,15,2.3610120409383297
322,RLI6-6,1.5mA,15,1.4706506293029278
323,RLI6-8,0.25mA,15,2.268855165375911
324,RLI6-9,1.5mA,15,2.621009903591043
325,RLI6-10,0.25mA,15,2.981512603619958
326,RLI6-11,1.5mA,15,2.5644841267470326
327,RLI6-12,0.25mA,15,3.2394768932910196
328,RLI8-3,1.5mA,15,1.9046100688291745
329,RLI8-6,1.5mA,15,1.5161434359891306
330,RLI5-1,0.25mA,16,0.9752726081279616
331,RLI5-2,1.5mA,16,2.174296605922663
332,RLI5-3,0.25mA,16,2.443676289991142
333,RLI5-4,1.5mA,16,1.4394213821720347
334,RLI5-5,0.25mA,16,1.5678185323972087
335,RLI5-6,1.5mA,16,2.7073026957880093
336,RLI5-7,0.25mA,16,2.6363288040246213
337,RLI5-8,1.5mA,16,1.1607297931674538
338,RLI5-9,0.25mA,16,1.923611730663167
339,RLI5-10,1.5mA,16,1.4970866469914164
340,RLI6-1,0.25mA,16,2.5974101159961633
341,RLI6-2,1.5mA,16,1.0021185863308546
342,RLI6-3,0.25mA,16,0.9898195456305405
343,RLI6-4,1.5mA,16,0.8810607616569648
344,RLI6-6,1.5mA,16,1.8671959424319766
345,RLI6-8,0.25mA,16,2.0384563258349115
346,RLI6-9,1.5mA,16,2.387763319715914
347,RLI6-10,0.25mA,16,2.5104297962796536
348,RLI6-11,1.5mA,16,2.169333286598702
349,RLI6-12,0.25mA,16,1.909319679914669
350,RLI8-3,1.5mA,16,1.2922217006416563
351,RLI8-6,1.5mA,16,1.491950717539069
352,RLI5-1,0.25mA,17,1.0478343827115757
353,RLI5-2,1.5mA,17,2.2196870526044155
354,RLI5-3,0.25mA,17,1.94406519570822
355,RLI5-4,1.5mA,17,1.9710235840778856
356,RLI5-5,0.25mA,17,1.031628095902533
357,RLI5-6,1.5mA,17,1.7254709818758778
358,RLI5-7,0.25mA,17,3.0451603436703802
359,RLI5-8,1.5mA,17,0.5526132264765606
360,RLI5-9,0.25mA,17,1.736924664313873
361,RLI5-10,1.5mA,17,1.0149083773438516
362,RLI6-1,0.25mA,17,1.995633498571826
363,RLI6-2,1.5mA,17,1.5307959170871694
364,RLI6-3,0.25mA,17,1.2538841263437839
365,RLI6-4,1.5mA,17,2.372201664611895
366,RLI6-6,1.5mA,17,2.4961869053996426
367,RLI6-8,0.25mA,17,3.0544014277220963
368,RLI6-9,1.5mA,17,2.72385587821134
369,RLI6-10,0.25mA,17,3.2623958254155228
370,RLI6-11,1.5mA,17,2.0101206473836655
371,RLI6-12,0.25mA,17,2.724028145755243
372,RLI8-3,1.5mA,17,0.6878036821204465
373,RLI8-6,1.5mA,17,1.767159758203259
374,RLI5-1,0.25mA,18,1.258034303741711
375,RLI5-2,1.5mA,18,2.2511382589889433
376,RLI5-3,0.25mA,18,2.1644982053003146
377,RLI5-4,1.5mA,18,2.003630661343838
378,RLI5-5,0.25mA,18,1.704237169679206
379,RLI5-6,1.5mA,18,2.336410388599622
380,RLI5-7,0.25mA,18,2.2969184012419013
381,RLI5-8,1.5mA,18,0.9729587427701284
382,RLI5-9,0.25mA,18,1.041928491299243
383,RLI5-10,1.5mA,18,1.2127472166709101
384,RLI6-1,0.25mA,18,2.1590587361678444
385,RLI6-2,1.5mA,18,2.5496675195467873
386,RLI6-3,0.25mA,18,0.6250190413897494
387,RLI6-4,1.5mA,18,2.5696671854703754
388,RLI6-6,1.5mA,18,2.145923278243839
389,RLI6-8,0.25mA,18,1.9085573186890636
390,RLI6-9,1.5mA,18,2.3838374263886877
391,RLI6-10,0.25mA,18,2.3291845146177774
392,RLI6-11,1.5mA,18,1.9580935394734655
393,RLI6-12,0.25mA,18,3.453305572576236
394,RLI8-3,1.5mA,18,1.951898323436643
395,RLI8-6,1.5mA,18,1.1134119416798391
396,RLI5-1,0.25mA,19,0.8522369862937214
397,RLI5-2,1.5mA,19,1.3742621519106712
398,RLI5-3,0.25mA,19,1.785742355075321
399,RLI5-4,1.5mA,19,2.1254111848988035
400,RLI5-5,0.25mA,19,1.3139998579894405
401,RLI5-6,1.5mA,19,1.534821319247181
402,RLI5-7,0.25mA,19,2.3859362102929604
403,RLI5-8,1.5mA,19,1.5816264641165232
404,RLI5-9,0.25mA,19,1.9282328123495398
405,RLI5-10,1.5mA,19,1.7272029886219287
406,RLI6-1,0.25mA,19,2.521148878670268
407,RLI6-2,1.5mA,19,1.817513916907555
408,RLI6-3,0.25mA,19,1.1856700336348056
409,RLI6-4,1.5mA,19,1.924339782458022
410,RLI6-6,1.5mA,19,1.278716291680162
411,RLI6-8,0.25mA,19,2.1810573696839985
412,RLI6-9,1.5mA,19,2.403766169401585
413,RLI6-10,0.25mA,19,3.142566281160944
414,RLI6-11,1.5mA,19,0.7186957490531182
415,RLI6-12,0.25mA,19,3.280134613071496
416,RLI8-3,1.5mA,19,1.780442986557379
417,RLI8-6,1.5mA,19,0.6827203871444165
418,RLI5-1,0.25mA,20,0.8491764004175895
419,RLI5-2,1.5mA,20,2.409132352702071
420,RLI5-3,0.25mA,20,1.9757464244419705
421,RLI5-4,1.5mA,20,2.7490387884066125
422,RLI5-5,0.25mA,20,1.450306660510512
423,RLI5-6,1.5mA,20,2.1815944025230154
424,RLI5-7,0.25mA,20,1.9038192272595331
425,RLI5-8,1.5mA,20,1.5597357460518766
426,RLI5-9,0.25mA,20,2.1977049733367076
427,RLI5-10,1.5mA,20,2.0175484899515115
428,RLI6-1,0.25mA,20,2.508361476205972
429,RLI6-2,1.5mA,20,2.275676156610563
430,RLI6-3,0.25mA,20,1.8484504981231749
431,RLI6-4,1.5mA,20,1.1792477193458006
432,RLI6-6,1.5mA,20,0.9227364092217516
433,RLI6-8,0.25mA,20,2.904927407741282
434,RLI6-9,1.5mA,20,2.2946890401092235
435,RLI6-10,0.25mA,20,3.0472402307447215
436,RLI6-11,1.5mA,20,2.13084384493799
437,RLI6-12,0.25mA,20,2.7514392144531796
438,RLI8-3,1.5mA,20,2.200946456311272
439,RLI8-6,1.5mA,20,0.8820329114829005
440,RLI5-1,0.25mA,21,1.8476222156701676
441,RLI5-2,1.5mA,21,2.5057328073642777
442,RLI5-3,0.25mA,21,2.0837248661848164
443,RLI5-4,1.5mA,21,2.8780258575587734
444,RLI5-5,0.25mA,21,1.7921911921639198
445,RLI5-6,1.5mA,21,1.272329568249887
446,RLI5-7,0.25mA,21,2.0957848117498745
447,RLI5-8,1.5mA,21,1.0726208431311244
448,RLI5-9,0.25mA,21,1.5882767653777627
449,RLI5-10,1.5mA,21,2.009142598805909
450,RLI6-1,0.25mA,21,2.321002760305117
451,RLI6-2,1.5mA,21,2.686136512903457
452,RLI6-3,0.25mA,21,2.060530814886917
453,RLI6-4,1.5mA,21,1.6908968229103005
454,RLI6-6,1.5mA,21,1.2624220629177814
455,RLI6-8,0.25mA,21,2.374850855073319
456,RLI6-9,1.5mA,21,2.2271102845311836
457,RLI6-10,0.25mA,21,3.0611323951806364
458,RLI6-11,1.5mA,21,0.8467083726865615
459,RLI6-12,0.25mA,21,3.4914820437890266
460,RLI8-3,1.5mA,21,1.69602736545495
461,RLI8-6,1.5mA,21,2.0324105071270746
462,RLI5-1,0.25mA,22,1.423016285374811
463,RLI5-2,1.5mA,22,2.342534643806384
464,RLI5-3,0.25mA,22,1.191078186365359
465,RLI5-4,1.5mA,22,1.7408547283820819
466,RLI5-5,0.25mA,22,0.8803825485834372
467,RLI5-6,1.5mA,22,0.8470093316282763
468,RLI5-7,0.25mA,22,2.585722155528039
469,RLI5-8,1.5mA,22,0.7234630116806399
470,RLI5-9,0.25mA,22,1.4319543908907497
471,RLI5-10,1.5mA,22,2.2480971328521604
472,RLI6-1,0.25mA,22,2.077981460844053
473,RLI6-2,1.5mA,22,2.5390277467223985
474,RLI6-3,0.25mA,22,1.4509818870476852
475,RLI6-4,1.5mA,22,2.30445455379457
476,RLI6-6,1.5mA,22,1.4456185510564277
477,RLI6-8,0.25mA,22,2.2456133426657385
478,RLI6-9,1.5mA,22,2.8784636880618923
479,RLI6-10,0.25mA,22,2.5160539306837704
480,RLI6-11,1.5mA,22,0.9919885208405409
481,RLI6-12,0.25mA,22,2.888542796088917
482,RLI8-3,1.5mA,22,1.6753734796596131
483,RLI8-6,1.5mA,22,1.6127358050661964
484,RLI5-1,0.25mA,23,0.7294489474348321
485,RLI5-2,1.5mA,23,2.1543347595839033
486,RLI5-3,0.25mA,23,1.1796153418851472
487,RLI5-4,1.5mA,23,2.1023899796699737
488,RLI5-5,0.25mA,23,0.8515120163004516
489,RLI5-6,1.5mA,23,1.5738727903770917
490,RLI5-7,0.25mA,23,3.209173992795014
491,RLI5-8,1.5mA,23,0.627079054354764
492,RLI5-9,0.25mA,23,0.7570113667157157
493,RLI5-10,1.5mA,23,1.3293706792225082
494,RLI6-1,0.25mA,23,1.8792546842625462
495,RLI6-2,1.5mA,23,2.149365746810263
496,RLI6-3,0.25mA,23,1.6903867778826516
497,RLI6-4,1.5mA,23,2.4757742291763187
498,RLI6-6,1.5mA,23,1.0671102738379679
499,RLI6-8,0.25mA,23,2.8728440927741845
500,RLI6-9,1.5mA,23,2.518942778707521
501,RLI6-10,0.25mA,23,2.668292098341737
502,RLI6-11,1.5mA,23,1.8173880883065228
503,RLI6-12,0.25mA,23,2.921216884939243
504,RLI8-3,1.5mA,23,1.9572190068151596
505,RLI8-6,1.5mA,23,1.5584599549285203
506,RLI5-1,0.25mA,24,0.5827146382875542
507,RLI5-2,1.5mA,24,1.788815679065951
508,RLI5-3,0.25mA,24,1.6905801928596118
509,RLI5-4,1.5mA,24,1.8900659507402222
510,RLI5-5,0.25mA,24,1.3238915633556447
511,RLI5-6,1.5mA,24,0.5056309616930061
512,RLI5-7,0.25mA,24,2.881101494227007
513,RLI5-8,1.5mA,24,0.746924483610749
514,RLI5-9,0.25mA,24,0.37747051877396814
515,RLI5-10,1.5mA,24,2.0549656519311874
516,RLI6-1,0.25mA,24,1.5818214633652665
517,RLI6-2,1.5mA,24,2.4579746023998807
518,RLI6-3,0.25mA,24,1.1372568171541666
519,RLI6-4,1.5mA,24,2.442802204805685
520,RLI6-6,1.5mA,24,0.6200973869122381
521,RLI6-8,0.25mA,24,2.4687219983481947
522,RLI6-9,1.5mA,24,2.4893731319286405
523,RLI6-10,0.25mA,24,2.2019506052768474
524,RLI6-11,1.5mA,24,0.9820847988995628
525,RLI6-12,0.25mA,24,3.1968929095746432
526,RLI8-3,1.5mA,24,2.187464833913214
527,RLI8-6,1.5mA,24,1.500559687863195
528,RLI5-1,0.25mA,25,0.967608559834105
529,RLI5-2,1.5mA,25,1.5225168751190818
530,RLI5-3,0.25mA,25,2.343243692152677
531,RLI5-4,1.5mA,25,2.0913305246657115
532,RLI5-5,0.25mA,25,1.8986236401485874
533,RLI5-6,1.5mA,25,0.48121539471043473
534,RLI5-7,0.25mA,25,2.9502808313569475
535,RLI5-8,1.5mA,25,0.9627896983131707
536,RLI5-9,0.25mA,25,0.38694698646034215
537,RLI5-10,1.5mA,25,1.349746527997538
538,RLI6-1,0.25mA,25,1.7043392840530474
539,RLI6-2,1.5mA,25,2.397208988781323
540,RLI6-3,0.25mA,25,1.5035369696086929
541,RLI6-4,1.5mA,25,2.916803838767005
542,RLI6-6,1.5mA,25,0.6903848215246773
543,RLI6-8,0.25mA,25,1.4189650278630137
544,RLI6-9,1.5mA,25,2.7455035859413592
545,RLI6-10,0.25mA,25,1.6702454181488806
546,RLI6-11,1.5mA,25,1.4097607626780448
547,RLI6-12,0.25mA,25,3.9164390812017205
548,RLI8-3,1.5mA,25,2.061012093570415
549,RLI8-6,1.5mA,25,1.5074232388175126
550,RLI5-1,0.25mA,26,1.15014131062076
551,RLI5-2,1.5mA,26,1.2651433569870396
552,RLI5-3,0.25mA,26,2.074051978601137
553,RLI5-4,1.5mA,26,1.8877851996966555
554,RLI5-5,0.25mA,26,2.2449801115714494
555,RLI5-6,1.5mA,26,0.9639386498933447
556,RLI5-7,0.25mA,26,2.590581193193198
557,RLI5-8,1.5mA,26,1.0576528009944142
558,RLI5-9,0.25mA,26,0.2939671676072691
559,RLI5-10,1.5mA,26,2.2060341831397006
560,RLI6-1,0.25mA,26,2.0597445519334268
561,RLI6-2,1.5mA,26,2.6816256826908313
562,RLI6-3,0.25mA,26,2.0608971175845427
563,RLI6-4,1.5mA,26,2.8105031144548867
564,RLI6-6,1.5mA,26,0.5311452961612676
565,RLI6-8,0.25mA,26,1.535027065543548
566,RLI6-9,1.5mA,26,1.0758821109810455
567,RLI6-10,0.25mA,26,2.9477583783666015
568,RLI6-11,1.5mA,26,2.5891289220092197
569,RLI6-12,0.25mA,26,3.3324168545985686
570,RLI8-3,1.5mA,26,2.4506938384266443
571,RLI8-6,1.5mA,26,1.2463001145876016
572,RLI5-1,0.25mA,27,1.232775370248505
573,RLI5-2,1.5mA,27,1.535068071171199
574,RLI5-3,0.25mA,27,2.7018765674558507
575,RLI5-4,1.5mA,27,1.6521398035159411
576,RLI5-5,0.25mA,27,2.050680757094382
577,RLI5-6,1.5mA,27,0.8091362552256782
578,RLI5-7,0.25mA,27,2.6456180934407447
579,RLI5-8,1.5mA,27,1.9366781453750288
580,RLI5-9,0.25mA,27,0.4969406642014302
581,RLI5-10,1.5mA,27,2.3390062712203266
582,RLI6-1,0.25mA,27,2.4782228284533723
583,RLI6-2,1.5mA,27,2.648943111567106
584,RLI6-3,0.25mA,27,1.4151038588528848
585,RLI6-4,1.5mA,27,2.9354217997159378
586,RLI6-6,1.5mA,27,0.3851791265304557
587,RLI6-8,0.25mA,27,0.8001795599040685
588,RLI6-9,1.5mA,27,1.2614017827843367
589,RLI6-10,0.25mA,27,3.059224702018494
590,RLI6-11,1.5mA,27,2.266001661565354
591,RLI6-12,0.25mA,27,3.0628176344478226
592,RLI8-3,1.5mA,27,2.8487650628781696
593,RLI8-6,1.5mA,27,0.3444263850558261
594,RLI5-1,0.25mA,28,0.9923782472858678
595,RLI5-2,1.5mA,28,2.313690617804766
596,RLI5-3,0.25mA,28,2.6883208666426386
597,RLI5-4,1.5mA,28,1.0786922972570607
598,RLI5-5,0.25mA,28,1.2544458419822535
599,RLI5-6,1.5mA,28,1.3402795011019513
600,RLI5-7,0.25mA,28,2.2911185589412875
601,RLI5-8,1.5mA,28,1.8166201225809897
602,RLI5-9,0.25mA,28,0.8523326155327365
603,RLI5-10,1.5mA,28,2.0948183062647785
604,RLI6-1,0.25mA,28,2.8946960615394257
605,RLI6-2,1.5mA,28,2.0943299433757296
606,RLI6-3,0.25mA,28,1.2981102721872932
607,RLI6-4,1.5mA,28,2.3123565320300035
608,RLI6-6,1.5mA,28,0.23171137089224872
609,RLI6-8,0.25mA,28,1.428853940028293
610,RLI6-9,1.5mA,28,1.7808782397886074
611,RLI6-10,0.25mA,28,2.8070493932899696
612,RLI6-11,1.5mA,28,1.9826806738664078
613,RLI6-12,0.25mA,28,2.8298591955577326
614,RLI8-3,1.5mA,28,2.4131093780375323
615,RLI8-6,1.5mA,28,0.3939635399695162
616,RLI5-1,0.25mA,29,1.4266628394962044
617,RLI5-2,1.5mA,29,0.9047365987793855
618,RLI5-3,0.25mA,29,2.502560357707877
619,RLI5-4,1.5mA,29,0.5968994906139548
620,RLI5-5,0.25mA,29,1.3191411451033912
621,RLI5-6,1.5mA,29,1.4383691872135849
622,RLI5-7,0.25mA,29,3.2323928307213685
623,RLI5-8,1.5mA,29,1.4573169884387998
624,RLI5-9,0.25mA,29,1.7149678807941078
625,RLI5-10,1.5mA,29,1.8582247142098387
626,RLI6-1,0.25mA,29,2.18621584268625
627,RLI6-2,1.5mA,29,1.54847604343416
628,RLI6-3,0.25mA,29,1.8064462137701167
629,RLI6-4,1.5mA,29,2.287508145366025
630,RLI6-6,1.5mA,29,0.6524061914006476
631,RLI6-8,0.25mA,29,2.6606150752471502
632,RLI6-9,1.5mA,29,2.051010160076765
633,RLI6-10,0.25mA,29,2.6994221937294895
634,RLI6-11,1.5mA,29,2.754103961582537
635,RLI6-12,0.25mA,29,2.964278465788015
636,RLI8-3,1.5mA,29,2.3432876092273207
637,RLI8-6,1.5mA,29,0.6422922969103083
638,RLI5-1,0.25mA,30,0.7747957363019634
639,RLI5-2,1.5mA,30,0.9052234001422903
640,RLI5-3,0.25mA,30,2.2554117944801066
641,RLI5-4,1.5mA,30,0.6032140182894548
642,RLI5-5,0.25mA,30,0.8034886739453038
643,RLI5-6,1.5mA,30,1.6069603401876604
644,RLI5-7,0.25mA,30,3.2653548620713804
645,RLI5-8,1.5mA,30,1.3440447448827804
646,RLI5-9,0.25mA,30,0.7409467474385187
647,RLI5-10,1.5mA,30,1.9572434346471852
648,RLI6-1,0.25mA,30,2.7026006763179873
649,RLI6-2,1.5mA,30,2.036718215261492
650,RLI6-3,0.25mA,30,1.930916897492308
651,RLI6-4,1.5mA,30,2.394027927347524
652,RLI6-6,1.5mA,30,1.713754817737981
653,RLI6-8,0.25mA,30,1.9815495218227248
654,RLI6-9,1.5mA,30,2.958111230985346
655,RLI6-10,0.25mA,30,2.5916906497216834
656,RLI6-11,1.5mA,30,2.0901587612341035
657,RLI6-12,0.25mA,30,3.504112008028505
658,RLI8-3,1.5mA,30,1.9199323326418385
659,RLI8-6,1.5mA,30,0.6542137522788234
660,RLI5-1,0.25mA,31,0.8476608531812246
661,RLI5-2,1.5mA,31,0.6205532087272888
662,RLI5-3,0.25mA,31,1.070132391072862
663,RLI5-4,1.5mA,31,0.4425793635798306
664,RLI5-5,0.25mA,31,0.5177789320475376
665,RLI5-6,1.5mA,31,1.344406955543516
666,RLI5-7,0.25mA,31,3.0995645176217996
667,RLI5-8,1.5mA,31,1.5980313458057886
668,RLI5-9,0.25mA,31,0.5967222270174088
669,RLI5-10,1.5mA,31,2.7738834838877096
670,RLI6-1,0.25mA,31,3.0955116879690365
671,RLI6-2,1.5mA,31,2.1488465305163427
672,RLI6-3,0.25mA,31,1.689832696724607
673,RLI6-4,1.5mA,31,2.7902605434345
674,RLI6-6,1.5mA,31,1.6006064660017443
675,RLI6-8,0.25mA,31,2.2449774076978497
676,RLI6-9,1.5mA,31,2.746788889100611
677,RLI6-10,0.25mA,31,3.173715928889865
678,RLI6-11,1.5mA,31,1.7951742482373223
679,RLI6-12,0.25mA,31,2.102276467462285
680,RLI8-3,1.5mA,31,2.4370600112165457
681,RLI8-6,1.5mA,31,0.9451512686424907
682,RLI5-1,0.25mA,32,1.1229556736373916
683,RLI5-2,1.5mA,32,0.40210054973789766
684,RLI5-3,0.25mA,32,0.7256113911102614
685,RLI5-4,1.5mA,32,1.272032277810877
686,RLI5-5,0.25mA,32,0.35066729351956016
687,RLI5-6,1.5mA,32,0.3588125768598383
688,RLI5-7,0.25mA,32,2.0493158784503205
689,RLI5-8,1.5mA,32,1.609489003632878
690,RLI5-9,0.25mA,32,0.53289814985554
691,RLI5-10,1.5mA,32,1.9040128401670482
692,RLI6-1,0.25mA,32,2.2848129582032617
693,RLI6-2,1.5mA,32,2.4111848439657555
694,RLI6-3,0.25mA,32,1.4485802065605349
695,RLI6-4,1.5mA,32,2.5102686728712054
696,RLI6-6,1.5mA,32,1.0371217936802415
697,RLI6-8,0.25mA,32,1.5645763372565813
698,RLI6-9,1.5mA,32,2.2744956027000147
699,RLI6-10,0.25mA,32,3.2273195424395853
700,RLI6-11,1.5mA,32,1.9945225016754144
701,RLI6-12,0.25mA,32,1.8208000254315715
702,RLI8-3,1.5mA,32,2.5978578382720827
703,RLI8-6,1.5mA,32,0.7722558531859506
704,RLI5-1,0.25mA,33,0.9122416760296341
705,RLI5-2,1.5mA,33,0.764512679501007
706,RLI5-3,0.25mA,33,1.7706227047207035
707,RLI5-4,1.5mA,33,2.394471511091897
708,RLI5-5,0.25mA,33,0.45408239603665634
709,RLI5-6,1.5mA,33,0.7247901301495273
710,RLI5-7,0.25mA,33,3.300798403032211
711,RLI5-8,1.5mA,33,2.182756392130723
712,RLI5-9,0.25mA,33,0.9309135598098043
713,RLI5-10,1.5mA,33,1.6845547838005068
714,RLI6-1,0.25mA,33,2.5304724163863823
715,RLI6-2,1.5mA,33,2.7267627019341987
716,RLI6-3,0.25mA,33,1.5180329762796192
717,RLI6-4,1.5mA,33,1.2979984818710606
718,RLI6-6,1.5mA,33,2.3932700712555333
719,RLI6-8,0.25mA,33,1.5798310477437791
720,RLI6-9,1.5mA,33,2.597308383210862
721,RLI6-10,0.25mA,33,2.836150961912705
722,RLI6-11,1.5mA,33,2.0439585954017185
723,RLI6-12,0.25mA,33,3.2200495317870654
724,RLI8-3,1.5mA,33,2.7362846510789156
725,RLI8-6,1.5mA,33,0.524761385741744
726,RLI5-1,0.25mA,34,1.667392957662975
727,RLI5-2,1.5mA,34,1.4196732908337786
728,RLI5-3,0.25mA,34,1.6384699982995647
729,RLI5-4,1.5mA,34,1.903531574348496
730,RLI5-5,0.25mA,34,1.4381525610700319
731,RLI5-6,1.5mA,34,0.750467819048246
732,RLI5-7,0.25mA,34,2.6757989317081816
733,RLI5-8,1.5mA,34,1.7411103500595975
734,RLI5-9,0.25mA,34,0.657010230110312
735,RLI5-10,1.5mA,34,2.1853127262961345
736,RLI6-1,0.25mA,34,2.1943256779350127
737,RLI6-2,1.5mA,34,2.7012284384423126
738,RLI6-3,0.25mA,34,2.1254800941643173
739,RLI6-4,1.5mA,34,1.2653425416584367
740,RLI6-6,1.5mA,34,2.2316908962175024
741,RLI6-8,0.25mA,34,1.512106921627915
742,RLI6-9,1.5mA,34,2.0094359642039534
743,RLI6-10,0.25mA,34,2.117899255173234
744,RLI6-11,1.5mA,34,1.2841348675792887
745,RLI6-12,0.25mA,34,3.138987256962044
746,RLI8-3,1.5mA,34,1.768460553798206
747,RLI8-6,1.5mA,34,0.20840188194027712
748,RLI5-1,0.25mA,35,1.2245921826563917
749,RLI5-2,1.5mA,35,2.1149350751710005
750,RLI5-3,0.25mA,35,1.886356116011403
751,RLI5-4,1.5mA,35,1.9742774999029635
752,RLI5-5,0.25mA,35,1.8601877537773919
753,RLI5-6,1.5mA,35,0.6799352381166055
754,RLI5-7,0.25mA,35,0.925298059247901
755,RLI5-8,1.5mA,35,1.04076677100249
756,RLI5-9,0.25mA,35,0.3346357884558639
757,RLI5-10,1.5mA,35,1.9590054852635463
758,RLI6-1,0.25mA,35,2.6566274670180228
759,RLI6-2,1.5mA,35,2.449299235893233
760,RLI6-3,0.25mA,35,1.3049986608411968
761,RLI6-4,1.5mA,35,1.3483314099540402
762,RLI6-6,1.5mA,35,2.4570864185171777
763,RLI6-8,0.25mA,35,0.6720242242461777
764,RLI6-9,1.5mA,35,2.7728544031867766
765,RLI6-10,0.25mA,35,2.473855744373543
766,RLI6-11,1.5mA,35,2.0387214384969248
767,RLI6-12,0.25mA,35,2.705053123021247
768,RLI8-3,1.5mA,35,2.088905134742266
769,RLI8-6,1.5mA,35,0.2604965243959831
770,RLI5-1,0.25mA,36,1.4009360547773237
771,RLI5-2,1.5mA,36,2.306521971416415
772,RLI5-3,0.25mA,36,1.7685719320928586
773,RLI5-4,1.5mA,36,1.7777942866982883
774,RLI5-5,0.25mA,36,1.4347900689118203
775,RLI5-6,1.5mA,36,0.3010848131012509
776,RLI5-7,0.25mA,36,2.951322581531952
777,RLI5-8,1.5mA,36,0.42642312841625085
778,RLI5-9,0.25mA,36,0.39886959513182296
779,RLI5-10,1.5mA,36,1.6853276438912852
780,RLI6-1,0.25mA,36,1.9542980969981985
781,RLI6-2,1.5mA,36,2.019541463026438
782,RLI6-3,0.25mA,36,0.9342337428354563
783,RLI6-4,1.5mA,36,2.4581773293218783
784,RLI6-6,1.5mA,36,2.561350307964123
785,RLI6-8,0.25mA,36,1.204396804697526
786,RLI6-9,1.5mA,36,2.0230853741756607
787,RLI6-10,0.25mA,36,2.9013602695931033
788,RLI6-11,1.5mA,36,1.6522030438674538
789,RLI6-12,0.25mA,36,2.92574600556138
790,RLI8-3,1.5mA,36,1.520741420912068
791,RLI8-6,1.5mA,36,0.1850804506314699
792,RLI5-1,0.25mA,37,1.4211930327279403
793,RLI5-2,1.5mA,37,1.6472885307960852
794,RLI5-3,0.25mA,37,1.4020621346739786
795,RLI5-4,1.5mA,37,1.7405695373378525
796,RLI5-5,0.25mA,37,1.3033998240618607
797,RLI5-6,1.5mA,37,0.4158056346542506
798,RLI5-7,0.25mA,37,2.753970786164579
799,RLI5-8,1.5mA,37,0.5924936041097093
800,RLI5-9,0.25mA,37,0.44545473590094176
801,RLI5-10,1.5mA,37,1.2420408370073603
802,RLI6-1,0.25mA,37,2.7619136752059807
803,RLI6-2,1.5mA,37,2.018625536280332
804,RLI6-3,0.25mA,37,0.9150520825286904
805,RLI6-4,1.5mA,37,2.6772708628617696
806,RLI6-6,1.5mA,37,2.494271325609873
807,RLI6-8,0.25mA,37,1.6839725836535246
808,RLI6-9,1.5mA,37,1.332367442950034
809,RLI6-10,0.25mA,37,2.3141922195477207
810,RLI6-11,1.5mA,37,1.0685783071620452
811,RLI6-12,0.25mA,37,3.4091632406357437
812,RLI8-3,1.5mA,37,2.512178246441181
813,RLI8-6,1.5mA,37,0.14246404381723415
814,RLI5-1,0.25mA,38,1.1818475975216907
815,RLI5-2,1.5mA,38,2.2959504999271076
816,RLI5-3,0.25mA,38,1.8267466194184967
817,RLI5-4,1.5mA,38,2.2087524137729573
818,RLI5-5,0.25mA,38,1.7471250760539905
819,RLI5-6,1.5mA,38,1.2190423138075765
820,RLI5-7,0.25mA,38,3.2295315205303066
821,RLI5-8,1.5mA,38,0.42852690066118765
822,RLI5-9,0.25mA,38,0.1923139154018989
823,RLI5-10,1.5mA,38,1.9727230842547585
824,RLI6-1,0.25mA,38,2.9789032609035706
825,RLI6-2,1.5mA,38,3.0383426398843216
826,RLI6-3,0.25mA,38,1.8943814765232805
827,RLI6-4,1.5mA,38,1.9105314826962896
828,RLI6-6,1.5mA,38,2.235507888440607
829,RLI6-8,0.25mA,38,2.353550331922389
830,RLI6-9,1.5mA,38,1.269066509731356
831,RLI6-10,0.25mA,38,1.8218585666088363
832,RLI6-11,1.5mA,38,0.7842105693899829
833,RLI6-12,0.25mA,38,2.7364200753835837
834,RLI8-3,1.5mA,38,2.071537977191106
835,RLI8-6,1.5mA,38,0.10686585299224957
836,RLI5-1,0.25mA,39,0.9185295957070292
837,RLI5-2,1.5mA,39,1.9110295517969165
838,RLI5-3,0.25mA,39,1.680835982628684
839,RLI5-4,1.5mA,39,1.8803606400834787
840,RLI5-5,0.25mA,39,2.443365644864993
841,RLI5-6,1.5mA,39,1.2460947538353233
842,RLI5-7,0.25mA,39,3.0826305323362106
843,RLI5-8,1.5mA,39,0.7005519815716837
844,RLI5-9,0.25mA,39,0.18962780887591937
845,RLI5-10,1.5mA,39,1.5695229413763687
846,RLI6-1,0.25mA,39,2.2096497249286453
847,RLI6-2,1.5mA,39,1.6616252963777411
848,RLI6-3,0.25mA,39,2.2516723123433176
849,RLI6-4,1.5mA,39,2.638784653059685
850,RLI6-6,1.5mA,39,2.0713378277845442
851,RLI6-8,0.25mA,39,1.8189732477876852
852,RLI6-9,1.5mA,39,2.33207556558009
853,RLI6-10,0.25mA,39,3.2673106737222724
854,RLI6-11,1.5mA,39,1.3202503351372656
855,RLI6-12,0.25mA,39,1.825447133953742
856,RLI8-3,1.5mA,39,2.0907532822400277
857,RLI8-6,1.5mA,39,0.10628603028828627
858,RLI5-1,0.25mA,40,1.066541479195547
859,RLI5-2,1.5mA,40,1.6352114070143648
860,RLI5-3,0.25mA,40,2.0410111852518376
861,RLI5-4,1.5mA,40,1.9796752764390146
862,RLI5-5,0.25mA,40,2.4135107081988
863,RLI5-6,1.5mA,40,0.4684976559819404
864,RLI5-7,0.25mA,40,3.1181545219358515
865,RLI5-8,1.5mA,40,1.0138335748301226
866,RLI5-9,0.25mA,40,0.47377977348344724
867,RLI5-10,1.5mA,40,1.132917068614486
868,RLI6-1,0.25mA,40,2.51886858157067
869,RLI6-2,1.5mA,40,0.9303354919151715
870,RLI6-3,0.25mA,40,1.6151862481532882
871,RLI6-4,1.5mA,40,2.2081279387946386
872,RLI6-6,1.5mA,40,2.5468279171435158
873,RLI6-8,0.25mA,40,2.2006982627268497
874,RLI6-9,1.5mA,40,1.5752675877640299
875,RLI6-10,0.25mA,40,3.512171051695789
876,RLI6-11,1.5mA,40,0.9096093378319015
877,RLI6-12,0.25mA,40,2.8734503158832174
878,RLI8-3,1.5mA,40,2.6356630968462245
879,RLI8-6,1.5mA,40,0.20615677379929834
880,RLI5-1,0.25mA,41,0.6955281637978913
881,RLI5-2,1.5mA,41,1.1518891781865241
882,RLI5-3,0.25mA,41,1.4549089756386122
883,RLI5-4,1.5mA,41,2.272077572161726
884,RLI5-5,0.25mA,41,1.8675055145905308
885,RLI5-6,1.5mA,41,0.7960212905821139
886,RLI5-7,0.25mA,41,3.6895838537103565
887,RLI5-8,1.5mA,41,0.9105389343637417
888,RLI5-9,0.25mA,41,0.841530062819584
889,RLI5-10,1.5mA,41,0.8451460282497181
890,RLI6-1,0.25mA,41,2.346039374565182
891,RLI6-2,1.5mA,41,2.7700803264867178
892,RLI6-3,0.25mA,41,1.2594424048993358
893,RLI6-4,1.5mA,41,2.760858329179887
894,RLI6-6,1.5mA,41,2.3984892363913866
895,RLI6-8,0.25mA,41,1.7615869315339674
896,RLI6-9,1.5mA,41,1.385195580069682
897,RLI6-10,0.25mA,41,2.8561186859413557
898,RLI6-11,1.5mA,41,0.8335472967061291
899,RLI6-12,0.25mA,41,3.4156127191446
900,RLI8-3,1.5mA,41,2.8542832329957166
901,RLI8-6,1.5mA,41,0.43790803766377956
902,RLI5-1,0.25mA,42,0.8969931533376626
903,RLI5-2,1.5mA,42,0.8117783317214465
904,RLI5-3,0.25mA,42,1.7578870732312928
905,RLI5-4,1.5mA,42,1.0420278852380613
906,RLI5-5,0.25mA,42,2.0411084732409845
907,RLI5-6,1.5mA,42,1.3729789770791794
908,RLI5-7,0.25mA,42,1.9440971869356514
909,RLI5-8,1.5mA,42,0.8754888513177482
910,RLI5-9,0.25mA,42,0.9854429506017586
911,RLI5-10,1.5mA,42,1.689897084603332
912,RLI6-1,0.25mA,42,1.183048899431554
913,RLI6-2,1.5mA,42,3.3249975543364676
914,RLI6-3,0.25mA,42,1.7269096895866705
915,RLI6-4,1.5mA,42,1.8115410206170934
916,RLI6-6,1.5mA,42,1.6729297480735728
917,RLI6-8,0.25mA,42,1.7458313099669798
918,RLI6-9,1.5mA,42,1.4759047199503108
919,RLI6-10,0.25mA,42,3.6883677390218024
920,RLI6-11,1.5mA,42,2.1200128471452775
921,RLI6-12,0.25mA,42,3.1580163724632326
922,RLI8-3,1.5mA,42,2.5960635089463184
923,RLI8-6,1.5mA,42,0.4610272691836793
924,RLI5-1,0.25mA,43,0.952402975415243
925,RLI5-2,1.5mA,43,1.0756962335967999
926,RLI5-3,0.25mA,43,1.6950665737895414
927,RLI5-4,1.5mA,43,1.3728134745329967
928,RLI5-5,0.25mA,43,1.7388739713107777
929,RLI5-6,1.5mA,43,1.7268464878794438
930,RLI5-7,0.25mA,43,2.19697617950111
931,RLI5-8,1.5mA,43,1.2519241018729776
932,RLI5-9,0.25mA,43,0.5403816892395802
933,RLI5-10,1.5mA,43,1.4753156371896194
934,RLI6-1,0.25mA,43,1.487652854797784
935,RLI6-2,1.5mA,43,2.679597761326269
936,RLI6-3,0.25mA,43,2.0240156483945326
937,RLI6-4,1.5mA,43,1.7780983345095027
938,RLI6-6,1.5mA,43,2.428068975753319
939,RLI6-8,0.25mA,43,2.0743001010103326
940,RLI6-9,1.5mA,43,2.1232738825537996
941,RLI6-10,0.25mA,43,3.468069949386314
942,RLI6-11,1.5mA,43,2.3134557842180006
943,RLI6-12,0.25mA,43,3.323514341054396
944,RLI8-3,1.5mA,43,2.925646819757999
945,RLI8-6,1.5mA,43,0.2502150622755805
946,RLI5-1,0.25mA,44,1.5546448451716368
947,RLI5-2,1.5mA,44,2.065266408486648
948,RLI5-3,0.25mA,44,1.9056059907975762
949,RLI5-4,1.5mA,44,2.1513376244215157
950,RLI5-5,0.25mA,44,1.150679662070063
951,RLI5-6,1.5mA,44,2.2377238265834283
952,RLI5-7,0.25mA,44,3.185381601591154
953,RLI5-8,1.5mA,44,1.2079321258368716
954,RLI5-9,0.25mA,44,0.40763925922214644
955,RLI5-10,1.5mA,44,1.5135186728264962
956,RLI6-1,0.25mA,44,1.8503529941995127
957,RLI6-2,1.5mA,44,2.425512731643583
958,RLI6-3,0.25mA,44,1.8724432906018325
959,RLI6-4,1.5mA,44,2.6937818482170597
960,RLI6-6,1.5mA,44,2.343150117991054
961,RLI6-8,0.25mA,44,2.2457166895406417
962,RLI6-9,1.5mA,44,1.8843361920352522
963,RLI6-10,0.25mA,44,3.2930419135559386
964,RLI6-11,1.5mA,44,1.2798690878901808
965,RLI6-12,0.25mA,44,3.172297839662529
966,RLI8-3,1.5mA,44,1.8228950900708027
967,RLI8-6,1.5mA,44,0.7768683976845762
968,RLI5-1,0.25mA,45,1.2199498387476675
969,RLI5-2,1.5mA,45,2.0591720723597313
970,RLI5-3,0.25mA,45,2.5169481259985798
971,RLI5-4,1.5mA,45,1.0308429983238951
972,RLI5-5,0.25mA,45,2.067742753394204
973,RLI5-6,1.5mA,45,1.6733239241411118
974,RLI5-7,0.25mA,45,2.430430373733443
975,RLI5-8,1.5mA,45,1.991041295118123
976,RLI5-9,0.25mA,45,0.3798414816729055
977,RLI5-10,1.5mA,45,1.7671491284996665
978,RLI6-1,0.25mA,45,2.75578714094932
979,RLI6-2,1.5mA,45,2.4279228940272
980,RLI6-3,0.25mA,45,1.6476233196685215
981,RLI6-4,1.5mA,45,2.857176498825651
982,RLI6-6,1.5mA,45,2.8680646296115726
983,RLI6-8,0.25mA,45,2.2896487786688238
984,RLI6-9,1.5mA,45,1.0661966112205967
985,RLI6-10,0.25mA,45,3.2130357061632733
986,RLI6-11,1.5mA,45,0.8981198567834578
987,RLI6-12,0.25mA,45,2.831100785599772
988,RLI8-3,1.5mA,45,2.396540265281859
989,RLI8-6,1.5mA,45,1.709734145534903
990,RLI5-1,0.25mA,46,1.1235185496639852
991,RLI5-2,1.5mA,46,2.5058873173885052
992,RLI5-3,0.25mA,46,1.5595354875319638
993,RLI5-4,1.5mA,46,1.0031915991978106
994,RLI5-5,0.25mA,46,1.2621423861648118
995,RLI5-6,1.5mA,46,1.7212764677164138
996,RLI5-7,0.25mA,46,1.015481528084838
997,RLI5-8,1.5mA,46,0.6964075965512008
998,RLI5-9,0.25mA,46,1.0115737941237037
999,RLI5-10,1.5mA,46,1.7963438088908164
1000,RLI6-1,0.25mA,46,2.8610599859022914
1001,RLI6-2,1.5mA,46,1.2678388398382168
1002,RLI6-3,0.25mA,46,1.6176302127546878
1003,RLI6-4,1.5mA,46,1.6494154844628885
1004,RLI6-6,1.5mA,46,2.395474560163889
1005,RLI6-8,0.25mA,46,1.5237013145434921
1006,RLI6-9,1.5mA,46,2.6605048257022976
1007,RLI6-10,0.25mA,46,2.7390684069341957
1008,RLI6-11,1.5mA,46,2.3396238624324837
1009,RLI6-12,0.25mA,46,3.541421836038529
1010,RLI8-3,1.5mA,46,1.5275752378125986
1011,RLI8-6,1.5mA,46,0.5097468537330746
1012,RLI5-1,0.25mA,47,1.7079072156763575
1013,RLI5-2,1.5mA,47,2.1763077721592303
1014,RLI5-3,0.25mA,47,1.5335035994166604
1015,RLI5-4,1.5mA,47,2.6625603702030785
1016,RLI5-5,0.25mA,47,0.3390766919095172
1017,RLI5-6,1.5mA,47,1.343740844442139
1018,RLI5-7,0.25mA,47,2.4556903563582413
1019,RLI5-8,1.5mA,47,0.7581684002857768
1020,RLI5-9,0.25mA,47,0.9483025705666506
1021,RLI5-10,1.5mA,47,0.9477354074153962
1022,RLI6-1,0.25mA,47,1.7080096722515483
1023,RLI6-2,1.5mA,47,0.7481934754795186
1024,RLI6-3,0.25mA,47,1.7509901160389367
1025,RLI6-4,1.5mA,47,2.069126101202251
1026,RLI6-6,1.5mA,47,2.5545828341670496
1027,RLI6-8,0.25mA,47,2.1022113886684846
1028,RLI6-9,1.5mA,47,2.301165849997706
1029,RLI6-10,0.25mA,47,3.0481851648938276
1030,RLI6-11,1.5mA,47,2.1718000590359394
1031,RLI6-12,0.25mA,47,2.4328596580878643
1032,RLI8-3,1.5mA,47,2.3084825744389366
1033,RLI8-6,1.5mA,47,0.7343337404572448
1034,RLI5-1,0.25mA,48,1.078313721809746
1035,RLI5-2,1.5mA,48,1.851235689524563
1036,RLI5-3,0.25mA,48,0.7632150942482897
1037,RLI5-4,1.5mA,48,3.100401704261011
1038,RLI5-5,0.25mA,48,0.1263233805807796
1039,RLI5-6,1.5mA,48,0.6990246215942771
1040,RLI5-7,0.25mA,48,2.987237954743478
1041,RLI5-8,1.5mA,48,0.48431909826303576
1042,RLI5-9,0.25mA,48,1.4303854468668122
1043,RLI5-10,1.5mA,48,1.2765812213214047
1044,RLI6-1,0.25mA,48,2.203705070879065
1045,RLI6-2,1.5mA,48,1.9653883328622475
1046,RLI6-3,0.25mA,48,1.6576319257307541
1047,RLI6-4,1.5mA,48,1.7825316181313213
1048,RLI6-6,1.5mA,48,2.97185190916747
1049,RLI6-8,0.25mA,48,1.8952382222383202
1050,RLI6-9,1.5mA,48,3.0704783214981064
1051,RLI6-10,0.25mA,48,2.7145975374439026
1052,RLI6-11,1.5mA,48,0.6052826763904289
1053,RLI6-12,0.25mA,48,2.8184899406337545
1054,RLI8-3,1.5mA,48,0.6870369768316045
1055,RLI8-6,1.5mA,48,0.5054424326491943
1056,RLI5-1,0.25mA,49,1.8787503903451583
1057,RLI5-2,1.5mA,49,2.135757184598087
1058,RLI5-3,0.25mA,49,1.0239899302361675
1059,RLI5-4,1.5mA,49,2.1304740312008374
1060,RLI5-5,0.25mA,49,0.09888723908410461
1061,RLI5-6,1.5mA,49,0.46980786838127914
1062,RLI5-7,0.25mA,49,2.336789638060997
1063,RLI5-8,1.5mA,49,0.289265741441806
1064,RLI5-9,0.25mA,49,1.515974505771543
1065,RLI5-10,1.5mA,49,0.9058019457007455
1066,RLI6-1,0.25mA,49,1.2376226769270193
1067,RLI6-2,1.5mA,49,2.158555058837176
1068,RLI6-3,0.25mA,49,1.5180856212409795
1069,RLI6-4,1.5mA,49,2.6477090002058805
1070,RLI6-6,1.5mA,49,1.7456335980371358
1071,RLI6-8,0.25mA,49,1.7817436900879304
1072,RLI6-9,1.5mA,49,2.08278226436855
1073,RLI6-10,0.25mA,49,1.9758268398655043
1074,RLI6-11,1.5mA,49,0.630977704927061
1075,RLI6-12,0.25mA,49,3.093664918924457
1076,RLI8-3,1.5mA,49,2.259826780328108
1077,RLI8-6,1.5mA,49,0.1403490914511918
1078,RLI5-1,0.25mA,50,1.3494323490961035
1079,RLI5-2,1.5mA,50,1.4892548860474761
1080,RLI5-3,0.25mA,50,1.2450887271169204
1081,RLI5-4,1.5mA,50,1.5252753548582112
1082,RLI5-5,0.25mA,50,0.11917929429605768
1083,RLI5-6,1.5mA,50,1.1962223117840325
1084,RLI5-7,0.25mA,50,0.9617158459818809
1085,RLI5-8,1.5mA,50,0.5189293068105342
1086,RLI5-9,0.25mA,50,0.42910801652293257
1087,RLI5-10,1.5mA,50,1.036611897670748
1088,RLI6-1,0.25mA,50,1.39972163213248
1089,RLI6-2,1.5mA,50,3.102906343481704
1090,RLI6-3,0.25mA,50,1.2282564910708076
1091,RLI6-4,1.5mA,50,2.88627588891486
1092,RLI6-6,1.5mA,50,3.442918194740987
1093,RLI6-8,0.25mA,50,1.4453194001773895
1094,RLI6-9,1.5mA,50,1.992623892460358
1095,RLI6-10,0.25mA,50,1.9822094314112364
1096,RLI6-11,1.5mA,50,2.2412993072221266
1097,RLI6-12,0.25mA,50,3.086737989521714
1098,RLI8-3,1.5mA,50,0.9241787189405068
1099,RLI8-6,1.5mA,50,0.13133624575286748
1100,RLI5-1,0.25mA,51,1.2038872153196427
1101,RLI5-2,1.5mA,51,1.4290797507708068
1102,RLI5-3,0.25mA,51,0.9060551030318986
1103,RLI5-4,1.5mA,51,1.3345461664101457
1104,RLI5-5,0.25mA,51,0.0984660231521298
1105,RLI5-6,1.5mA,51,1.527369647837944
1106,RLI5-7,0.25mA,51,1.1306840576964798
1107,RLI5-8,1.5mA,51,0.4459371102213539
1108,RLI5-9,0.25mA,51,0.3867943214221435
1109,RLI5-10,1.5mA,51,1.229427245100422
1110,RLI6-1,0.25mA,51,2.4772032294212627
1111,RLI6-2,1.5mA,51,2.186478415058345
1112,RLI6-3,0.25mA,51,2.002917123872181
1113,RLI6-4,1.5mA,51,2.5487418716148027
1114,RLI6-6,1.5mA,51,2.3261041814035406
1115,RLI6-8,0.25mA,51,2.345526752392259
1116,RLI6-9,1.5mA,51,2.677693171899202
1117,RLI6-10,0.25mA,51,1.8665735508637695
1118,RLI6-11,1.5mA,51,2.1054748234544243
1119,RLI6-12,0.25mA,51,1.7846367157972987
1120,RLI8-3,1.5mA,51,2.670717049618704
1121,RLI8-6,1.5mA,51,0.13271181549885208
1122,RLI5-1,0.25mA,52,1.7422470652884876
1123,RLI5-2,1.5mA,52,0.9996053790770505
1124,RLI5-3,0.25mA,52,0.8795737379598847
1125,RLI5-4,1.5mA,52,0.6190356745072898
1126,RLI5-5,0.25mA,52,0.8275314870593614
1127,RLI5-6,1.5mA,52,0.6699571207509352
1128,RLI5-7,0.25mA,52,2.425034804883251
1129,RLI5-8,1.5mA,52,0.4717571058242822
1130,RLI5-9,0.25mA,52,0.10423108550539927
1131,RLI5-10,1.5mA,52,0.9747722967609226
1132,RLI6-1,0.25mA,52,1.8516376785817323
1133,RLI6-2,1.5mA,52,2.4113424491462445
1134,RLI6-3,0.25mA,52,1.499521033276747
1135,RLI6-4,1.5mA,52,2.652371700408544
1136,RLI6-6,1.5mA,52,2.798207651904325
1137,RLI6-8,0.25mA,52,1.298733041544662
1138,RLI6-9,1.5mA,52,3.3947544081909737
1139,RLI6-10,0.25mA,52,2.9811586851142766
1140,RLI6-11,1.5mA,52,2.741298775711291
1141,RLI6-12,0.25mA,52,3.491660700826044
1142,RLI8-3,1.5mA,52,2.838571385600221
1143,RLI8-6,1.5mA,52,0.1727918900190411
1144,RLI5-1,0.25mA,53,1.2990081739673818
1145,RLI5-2,1.5mA,53,0.7581814957975959
1146,RLI5-3,0.25mA,53,1.0765303170979743
1147,RLI5-4,1.5mA,53,1.1416132883451484
1148,RLI5-5,0.25mA,53,0.28719633286629187
1149,RLI5-6,1.5mA,53,0.7147578002926571
1150,RLI5-7,0.25mA,53,3.0170426157530725
1151,RLI5-8,1.5mA,53,0.9337161809892887
1152,RLI5-9,0.25mA,53,0.1313258868349306
1153,RLI5-10,1.5mA,53,1.3973041169554365
1154,RLI6-1,0.25mA,53,2.4055452894761413
1155,RLI6-2,1.5mA,53,3.0048570627584428
1156,RLI6-3,0.25mA,53,1.1893465949421047
1157,RLI6-4,1.5mA,53,2.7326947308539853
1158,RLI6-6,1.5mA,53,2.3312343019967754
1159,RLI6-8,0.25mA,53,0.7645077788967493
1160,RLI6-9,1.5mA,53,2.9672193108459095
1161,RLI6-10,0.25mA,53,1.5757539539876193
1162,RLI6-11,1.5mA,53,1.9688846797084822
1163,RLI6-12,0.25mA,53,3.0093689907884813
1164,RLI8-3,1.5mA,53,2.5526158914741846
1165,RLI8-6,1.5mA,53,0.12129673556129195
1166,RLI5-1,0.25mA,54,1.768258415414683
1167,RLI5-2,1.5mA,54,0.6176099740272453
1168,RLI5-3,0.25mA,54,1.4202519507243647
1169,RLI5-4,1.5mA,54,1.1852563650084118
1170,RLI5-5,0.25mA,54,0.20669821895317608
1171,RLI5-6,1.5mA,54,1.030672060079965
1172,RLI5-7,0.25mA,54,2.6750130007560498
1173,RLI5-8,1.5mA,54,1.6211853660790345
1174,RLI5-9,0.25mA,54,0.0736639689879595
1175,RLI5-10,1.5mA,54,1.3320587876376153
1176,RLI6-1,0.25mA,54,2.7121312464271075
1177,RLI6-2,1.5mA,54,2.2909498049386436
1178,RLI6-3,0.25mA,54,0.6248837444287836
1179,RLI6-4,1.5mA,54,2.47879230758187
1180,RLI6-6,1.5mA,54,1.4943199895191401
1181,RLI6-8,0.25mA,54,0.7660379675067831
1182,RLI6-9,1.5mA,54,2.478420033241711
1183,RLI6-10,0.25mA,54,2.7522343901864565
1184,RLI6-11,1.5mA,54,2.8076803585172776
1185,RLI6-12,0.25mA,54,2.156140582653242
1186,RLI8-3,1.5mA,54,2.4509979853442085
1187,RLI8-6,1.5mA,54,0.1101281015849661
1188,RLI5-1,0.25mA,55,0.734532105225278
1189,RLI5-2,1.5mA,55,0.8105711167931944
1190,RLI5-3,0.25mA,55,0.6989050154229343
1191,RLI5-4,1.5mA,55,1.2170645249563314
1192,RLI5-5,0.25mA,55,0.15361820531492473
1193,RLI5-6,1.5mA,55,1.4972532091500774
1194,RLI5-7,0.25mA,55,2.6175893268994233
1195,RLI5-8,1.5mA,55,1.5872558135979524
1196,RLI5-9,0.25mA,55,0.07807381339567755
1197,RLI5-10,1.5mA,55,0.5674080582290509
1198,RLI6-1,0.25mA,55,2.5737235661233395
1199,RLI6-2,1.5mA,55,2.569336237601339
1200,RLI6-3,0.25mA,55,0.9501848066299651
1201,RLI6-4,1.5mA,55,2.0235184346153083
1202,RLI6-6,1.5mA,55,0.8158007156716058
1203,RLI6-8,0.25mA,55,2.2870277992711823
1204,RLI6-9,1.5mA,55,2.511832159637258
1205,RLI6-10,0.25mA,55,3.3683378184054455
1206,RLI6-11,1.5mA,55,2.236613649222083
1207,RLI6-12,0.25mA,55,2.3331911066417046
1208,RLI8-3,1.5mA,55,2.782626056504498
1209,RLI8-6,1.5mA,55,0.3028160111641882
1210,RLI5-1,0.25mA,56,0.8945789237398074
1211,RLI5-2,1.5mA,56,1.2547779056102126
1212,RLI5-3,0.25mA,56,0.875041204104657
1213,RLI5-4,1.5mA,56,1.6006395353705172
1214,RLI5-5,0.25mA,56,0.1832687505072535
1215,RLI5-6,1.5mA,56,1.9113780897685875
1216,RLI5-7,0.25mA,56,2.5722555469125234
1217,RLI5-8,1.5mA,56,1.503118782131896
1218,RLI5-9,0.25mA,56,0.07229970175432428
1219,RLI5-10,1.5mA,56,0.6004914660019391
1220,RLI6-1,0.25mA,56,2.7347967554030173
1221,RLI6-2,1.5mA,56,2.762751663063479
1222,RLI6-3,0.25mA,56,0.519056687280563
1223,RLI6-4,1.5mA,56,2.437821461891494
1224,RLI6-6,1.5mA,56,0.36997318682764146
1225,RLI6-8,0.25mA,56,1.8953023359933339
1226,RLI6-9,1.5mA,56,2.165318312391757
1227,RLI6-10,0.25mA,56,3.4005101620032177
1228,RLI6-11,1.5mA,56,0.8942133339450765
1229,RLI6-12,0.25mA,56,3.354926018896654
1230,RLI8-3,1.5mA,56,2.3574856298001445
1231,RLI8-6,1.5mA,56,0.7256045190766696
1232,RLI5-1,0.25mA,57,1.4032977800108555
1233,RLI5-2,1.5mA,57,1.2097895904206444
1234,RLI5-3,0.25mA,57,1.6557904853556213
1235,RLI5-4,1.5mA,57,1.6055966436201567
1236,RLI5-5,0.25mA,57,0.1819148573675052
1237,RLI5-6,1.5mA,57,1.8206183622735448
1238,RLI5-7,0.25mA,57,1.534075561156447
1239,RLI5-8,1.5mA,57,1.8005625208313942
1240,RLI5-9,0.25mA,57,0.06751097810272251
1241,RLI5-10,1.5mA,57,0.8086433057170023
1242,RLI6-1,0.25mA,57,2.6363113415309427
1243,RLI6-2,1.5mA,57,2.755396310254523
1244,RLI6-3,0.25mA,57,1.571507089421509
1245,RLI6-4,1.5mA,57,2.326411185193871
1246,RLI6-6,1.5mA,57,2.0432374543954346
1247,RLI6-8,0.25mA,57,1.7237290275790835
1248,RLI6-9,1.5mA,57,2.19263501867713
1249,RLI6-10,0.25mA,57,3.4140538158101896
1250,RLI6-11,1.5mA,57,1.4064988043515576
1251,RLI6-12,0.25mA,57,2.7805662635838093
1252,RLI8-3,1.5mA,57,2.6339922112505856
1253,RLI8-6,1.5mA,57,0.6038709504777728
1254,RLI5-1,0.25mA,58,1.0646966260007733
1255,RLI5-2,1.5mA,58,0.8268838252984942
1256,RLI5-3,0.25mA,58,1.5254437259034637
1257,RLI5-4,1.5mA,58,2.1415221950940735
1258,RLI5-5,0.25mA,58,0.13172033394433427
1259,RLI5-6,1.5mA,58,1.9735896070958157
1260,RLI5-7,0.25mA,58,2.0119509182325377
1261,RLI5-8,1.5mA,58,1.1069605094250088
1262,RLI5-9,0.25mA,58,0.31217162476959415
1263,RLI5-10,1.5mA,58,0.5292507134941205
1264,RLI6-1,0.25mA,58,2.6682482141175807
1265,RLI6-2,1.5mA,58,1.3930702296289363
1266,RLI6-3,0.25mA,58,1.234460880657394
1267,RLI6-4,1.5mA,58,1.9292787187576559
1268,RLI6-6,1.5mA,58,0.6220071451521129
1269,RLI6-8,0.25mA,58,1.5469521221131617
1270,RLI6-9,1.5mA,58,1.81421674215766
1271,RLI6-10,0.25mA,58,2.53200444562169
1272,RLI6-11,1.5mA,58,1.1598553146705706
1273,RLI6-12,0.25mA,58,3.445385786317561
1274,RLI8-3,1.5mA,58,3.136357440515529
1275,RLI8-6,1.5mA,58,0.38487218452026384
1276,RLI5-1,0.25mA,59,0.8924007757664718
1277,RLI5-2,1.5mA,59,1.3740376009521786
1278,RLI5-3,0.25mA,59,0.9355728375560176
1279,RLI5-4,1.5mA,59,1.5188517589172175
1280,RLI5-5,0.25mA,59,0.16170617141520557
1281,RLI5-6,1.5mA,59,2.1284634181475726
1282,RLI5-7,0.25mA,59,2.4923099200996037
1283,RLI5-8,1.5mA,59,0.41702198661612944
1284,RLI5-9,0.25mA,59,0.2150184132835993
1285,RLI5-10,1.5mA,59,0.8114743776651907
1286,RLI6-1,0.25mA,59,2.189255179737538
1287,RLI6-2,1.5mA,59,2.0209541425214184
1288,RLI6-3,0.25mA,59,1.4277868736932633
1289,RLI6-4,1.5mA,59,2.2962983560508854
1290,RLI6-6,1.5mA,59,0.5605921713698486
1291,RLI6-8,0.25mA,59,2.3561738860217476
1292,RLI6-9,1.5mA,59,1.9340692654241594
1293,RLI6-10,0.25mA,59,2.0394703118583966
1294,RLI6-11,1.5mA,59,0.9389799498427961
1295,RLI6-12,0.25mA,59,2.8456928381236755
1296,RLI8-3,1.5mA,59,1.9821581352817472
1297,RLI8-6,1.5mA,59,0.34981571978809506
1298,RLI5-1,0.25mA,60,0.828585154165153
1299,RLI5-2,1.5mA,60,1.123310743156415
1300,RLI5-3,0.25mA,60,0.611660106860595
1301,RLI5-4,1.5mA,60,2.0724925568311026
1302,RLI5-5,0.25mA,60,0.10861185573085476
1303,RLI5-6,1.5mA,60,2.247452536965458
1304,RLI5-7,0.25mA,60,2.6555262272898106
1305,RLI5-8,1.5mA,60,0.41189635477891207
1306,RLI5-9,0.25mA,60,0.14436014543755876
1307,RLI5-10,1.5mA,60,0.3271672042512782
1308,RLI6-1,0.25mA,60,2.592887154242635
1309,RLI6-2,1.5mA,60,2.6586271058670556
1310,RLI6-3,0.25mA,60,1.107227230605034
1311,RLI6-4,1.5mA,60,2.8310338818460545
1312,RLI6-6,1.5mA,60,1.2817762848667793
1313,RLI6-8,0.25mA,60,2.8501120237234248
1314,RLI6-9,1.5mA,60,1.9248487114651343
1315,RLI6-10,0.25mA,60,2.8947179367546583
1316,RLI6-11,1.5mA,60,0.9124694557705543
1317,RLI6-12,0.25mA,60,0.8294994530119092
1318,RLI8-3,1.5mA,60,0.9541309203995073
1319,RLI8-6,1.5mA,60,0.18994084165066832
