,Mouse,CutoffFraction,Ensemble,FractionOfGadCells
0,RLI12-1,2,Aversive,0.07407407407407407
1,RLI12-1,2,Overlap,0.48148148148148145
2,RLI12-1,2,Neutral,0.07407407407407407
3,RLI12-1,2,Remaining,0.37037037037037035
0,RLI12-1,4,Aversive,0.09090909090909091
1,RLI12-1,4,Overlap,0.5272727272727272
2,RLI12-1,4,Neutral,0.09090909090909091
3,RLI12-1,4,Remaining,0.2909090909090909
0,RLI12-1,6,Aversive,0.10843373493975904
1,RLI12-1,6,Overlap,0.4939759036144578
2,RLI12-1,6,Neutral,0.12048192771084337
3,RLI12-1,6,Remaining,0.27710843373493976
0,RLI12-1,8,Aversive,0.1
1,RLI12-1,8,Overlap,0.509090909090909
2,RLI12-1,8,Neutral,0.1
3,RLI12-1,8,Remaining,0.2909090909090909
0,RLI12-1,10,Aversive,0.08695652173913043
1,RLI12-1,10,Overlap,0.5217391304347826
2,RLI12-1,10,Neutral,0.10869565217391304
3,RLI12-1,10,Remaining,0.2826086956521739
0,RLI12-1,12,Aversive,0.0783132530120482
1,RLI12-1,12,Overlap,0.536144578313253
2,RLI12-1,12,Neutral,0.1144578313253012
3,RLI12-1,12,Remaining,0.2710843373493976
0,RLI12-1,14,Aversive,0.08290155440414508
1,RLI12-1,14,Overlap,0.5440414507772021
2,RLI12-1,14,Neutral,0.11398963730569948
3,RLI12-1,14,Remaining,0.25906735751295334
0,RLI12-1,16,Aversive,0.09049773755656108
1,RLI12-1,16,Overlap,0.5475113122171946
2,RLI12-1,16,Neutral,0.12669683257918551
3,RLI12-1,16,Remaining,0.23529411764705882
0,RLI12-1,18,Aversive,0.09236947791164658
1,RLI12-1,18,Overlap,0.5421686746987951
2,RLI12-1,18,Neutral,0.12449799196787148
3,RLI12-1,18,Remaining,0.24096385542168675
0,RLI12-1,20,Aversive,0.09025270758122744
1,RLI12-1,20,Overlap,0.5306859205776173
2,RLI12-1,20,Neutral,0.13357400722021662
3,RLI12-1,20,Remaining,0.24548736462093862
0,RLI12-1,22,Aversive,0.08881578947368421
1,RLI12-1,22,Overlap,0.506578947368421
2,RLI12-1,22,Neutral,0.125
3,RLI12-1,22,Remaining,0.27960526315789475
0,RLI12-1,24,Aversive,0.08132530120481928
1,RLI12-1,24,Overlap,0.463855421686747
2,RLI12-1,24,Neutral,0.1144578313253012
3,RLI12-1,24,Remaining,0.34036144578313254
0,RLI12-1,26,Aversive,0.075
1,RLI12-1,26,Overlap,0.42777777777777776
2,RLI12-1,26,Neutral,0.10555555555555556
3,RLI12-1,26,Remaining,0.39166666666666666
0,RLI12-1,28,Aversive,0.06976744186046512
1,RLI12-1,28,Overlap,0.3979328165374677
2,RLI12-1,28,Neutral,0.09819121447028424
3,RLI12-1,28,Remaining,0.43410852713178294
0,RLI12-1,30,Aversive,0.06506024096385542
1,RLI12-1,30,Overlap,0.3710843373493976
2,RLI12-1,30,Neutral,0.09156626506024096
3,RLI12-1,30,Remaining,0.472289156626506
0,RLI12-1,32,Aversive,0.060948081264108354
1,RLI12-1,32,Overlap,0.3476297968397291
2,RLI12-1,32,Neutral,0.08577878103837472
3,RLI12-1,32,Remaining,0.5056433408577878
0,RLI12-1,34,Aversive,0.0574468085106383
1,RLI12-1,34,Overlap,0.3276595744680851
2,RLI12-1,34,Neutral,0.08085106382978724
3,RLI12-1,34,Remaining,0.5340425531914894
0,RLI12-1,36,Aversive,0.05421686746987952
1,RLI12-1,36,Overlap,0.3092369477911647
2,RLI12-1,36,Neutral,0.07630522088353414
3,RLI12-1,36,Remaining,0.5602409638554217
0,RLI12-1,38,Aversive,0.051330798479087454
1,RLI12-1,38,Overlap,0.29277566539923955
2,RLI12-1,38,Neutral,0.07224334600760456
3,RLI12-1,38,Remaining,0.5836501901140685
0,RLI12-1,40,Aversive,0.048736462093862815
1,RLI12-1,40,Overlap,0.2779783393501805
2,RLI12-1,40,Neutral,0.06859205776173286
3,RLI12-1,40,Remaining,0.6046931407942239
0,RLI12-1,42,Aversive,0.04647160068846816
1,RLI12-1,42,Overlap,0.26506024096385544
2,RLI12-1,42,Neutral,0.06540447504302926
3,RLI12-1,42,Remaining,0.6230636833046471
0,RLI12-1,44,Aversive,0.04433497536945813
1,RLI12-1,44,Overlap,0.25287356321839083
2,RLI12-1,44,Neutral,0.06239737274220033
3,RLI12-1,44,Remaining,0.6403940886699507
0,RLI12-1,46,Aversive,0.0423861852433281
1,RLI12-1,46,Overlap,0.24175824175824176
2,RLI12-1,46,Neutral,0.059654631083202514
3,RLI12-1,46,Remaining,0.6562009419152276
0,RLI12-1,48,Aversive,0.04066265060240964
1,RLI12-1,48,Overlap,0.2319277108433735
2,RLI12-1,48,Neutral,0.0572289156626506
3,RLI12-1,48,Remaining,0.6701807228915663
0,RLI12-1,50,Aversive,0.03901734104046243
1,RLI12-1,50,Overlap,0.22254335260115607
2,RLI12-1,50,Neutral,0.05491329479768786
3,RLI12-1,50,Remaining,0.6835260115606936
0,RLI12-1,52,Aversive,0.0375
1,RLI12-1,52,Overlap,0.21388888888888888
2,RLI12-1,52,Neutral,0.05277777777777778
3,RLI12-1,52,Remaining,0.6958333333333333
0,RLI12-1,54,Aversive,0.03614457831325301
1,RLI12-1,54,Overlap,0.20615796519410978
2,RLI12-1,54,Neutral,0.050870147255689425
3,RLI12-1,54,Remaining,0.7068273092369478
0,RLI12-1,56,Aversive,0.03483870967741935
1,RLI12-1,56,Overlap,0.19870967741935483
2,RLI12-1,56,Neutral,0.04903225806451613
3,RLI12-1,56,Remaining,0.7174193548387097
0,RLI12-1,58,Aversive,0.033623910336239106
1,RLI12-1,58,Overlap,0.1917808219178082
2,RLI12-1,58,Neutral,0.047322540473225407
3,RLI12-1,58,Remaining,0.7272727272727273
0,RLI12-1,60,Aversive,0.03369434416365824
1,RLI12-1,60,Overlap,0.2045728038507822
2,RLI12-1,60,Neutral,0.0457280385078219
3,RLI12-1,60,Remaining,0.7160048134777377
0,RLI12-1,62,Aversive,0.03263403263403263
1,RLI12-1,62,Overlap,0.2296037296037296
2,RLI12-1,62,Neutral,0.04428904428904429
3,RLI12-1,62,Remaining,0.6934731934731935
0,RLI12-1,64,Aversive,0.03160270880361174
1,RLI12-1,64,Overlap,0.25395033860045146
2,RLI12-1,64,Neutral,0.04288939051918736
3,RLI12-1,64,Remaining,0.6715575620767494
0,RLI12-1,66,Aversive,0.030634573304157548
1,RLI12-1,66,Overlap,0.27680525164113784
2,RLI12-1,66,Neutral,0.04157549234135667
3,RLI12-1,66,Remaining,0.650984682713348
0,RLI12-1,68,Aversive,0.02975557917109458
1,RLI12-1,68,Overlap,0.2975557917109458
2,RLI12-1,68,Neutral,0.040382571732199786
3,RLI12-1,68,Remaining,0.6323060573857598
0,RLI12-1,70,Aversive,0.04024767801857585
1,RLI12-1,70,Overlap,0.3065015479876161
2,RLI12-1,70,Neutral,0.0392156862745098
3,RLI12-1,70,Remaining,0.6140350877192983
0,RLI12-1,72,Aversive,0.06720160481444333
1,RLI12-1,72,Overlap,0.2978936810431294
2,RLI12-1,72,Neutral,0.03811434302908726
3,RLI12-1,72,Remaining,0.59679037111334
0,RLI12-1,74,Aversive,0.091796875
1,RLI12-1,74,Overlap,0.2900390625
2,RLI12-1,74,Neutral,0.037109375
3,RLI12-1,74,Remaining,0.5810546875
0,RLI12-1,76,Aversive,0.09980988593155894
1,RLI12-1,76,Overlap,0.2984790874524715
2,RLI12-1,76,Neutral,0.03612167300380228
3,RLI12-1,76,Remaining,0.5655893536121673
0,RLI12-1,78,Aversive,0.11296296296296296
1,RLI12-1,78,Overlap,0.30092592592592593
2,RLI12-1,78,Neutral,0.03518518518518519
3,RLI12-1,78,Remaining,0.5509259259259259
0,RLI12-1,80,Aversive,0.1263537906137184
1,RLI12-1,80,Overlap,0.2951263537906137
2,RLI12-1,80,Neutral,0.04061371841155235
3,RLI12-1,80,Remaining,0.5379061371841155
0,RLI12-1,82,Aversive,0.12334801762114538
1,RLI12-1,82,Overlap,0.28810572687224667
2,RLI12-1,82,Neutral,0.06255506607929516
3,RLI12-1,82,Remaining,0.5259911894273128
0,RLI12-1,84,Aversive,0.12037833190025796
1,RLI12-1,84,Overlap,0.28116938950988823
2,RLI12-1,84,Neutral,0.08512467755803955
3,RLI12-1,84,Remaining,0.5133276010318143
0,RLI12-1,86,Aversive,0.11754827875734676
1,RLI12-1,86,Overlap,0.27455919395465994
2,RLI12-1,86,Neutral,0.0906801007556675
3,RLI12-1,86,Remaining,0.5172124265323258
0,RLI12-1,88,Aversive,0.11494252873563218
1,RLI12-1,88,Overlap,0.2684729064039409
2,RLI12-1,88,Neutral,0.09770114942528736
3,RLI12-1,88,Remaining,0.5188834154351396
0,RLI12-1,90,Aversive,0.11235955056179775
1,RLI12-1,90,Overlap,0.26484751203852325
2,RLI12-1,90,Neutral,0.10192616372391654
3,RLI12-1,90,Remaining,0.5208667736757624
0,RLI12-1,92,Aversive,0.10989010989010989
1,RLI12-1,92,Overlap,0.28100470957613816
2,RLI12-1,92,Neutral,0.09968602825745683
3,RLI12-1,92,Remaining,0.5094191522762951
0,RLI12-1,94,Aversive,0.10760953112990007
1,RLI12-1,94,Overlap,0.29592621060722524
2,RLI12-1,94,Neutral,0.09761721752498079
3,RLI12-1,94,Remaining,0.49884704073789393
0,RLI12-1,96,Aversive,0.1053423626787058
1,RLI12-1,96,Overlap,0.3002257336343115
2,RLI12-1,96,Neutral,0.10609480812641084
3,RLI12-1,96,Remaining,0.48833709556057187
0,RLI12-1,98,Aversive,0.10316875460574797
1,RLI12-1,98,Overlap,0.29771554900515845
2,RLI12-1,98,Neutral,0.1208548268238762
3,RLI12-1,98,Remaining,0.4782608695652174
0,RLI12-1,100,Aversive,0.10108303249097472
1,RLI12-1,100,Overlap,0.29747292418772564
2,RLI12-1,100,Neutral,0.1328519855595668
3,RLI12-1,100,Remaining,0.46859205776173285
0,RLI12-2,2,Aversive,0.13793103448275862
1,RLI12-2,2,Overlap,0.6896551724137931
2,RLI12-2,2,Remaining,0.1724137931034483
3,RLI12-2,2,Neutral,0.0
0,RLI12-2,4,Aversive,0.10344827586206896
1,RLI12-2,4,Overlap,0.6724137931034483
2,RLI12-2,4,Neutral,0.034482758620689655
3,RLI12-2,4,Remaining,0.1896551724137931
0,RLI12-2,6,Aversive,0.17045454545454544
1,RLI12-2,6,Overlap,0.6136363636363636
2,RLI12-2,6,Neutral,0.045454545454545456
3,RLI12-2,6,Remaining,0.17045454545454544
0,RLI12-2,8,Aversive,0.1452991452991453
1,RLI12-2,8,Overlap,0.6324786324786325
2,RLI12-2,8,Neutral,0.06837606837606838
3,RLI12-2,8,Remaining,0.15384615384615385
0,RLI12-2,10,Aversive,0.1643835616438356
1,RLI12-2,10,Overlap,0.6027397260273972
2,RLI12-2,10,Neutral,0.0821917808219178
3,RLI12-2,10,Remaining,0.1506849315068493
0,RLI12-2,12,Aversive,0.1590909090909091
1,RLI12-2,12,Overlap,0.5795454545454546
2,RLI12-2,12,Neutral,0.09090909090909091
3,RLI12-2,12,Remaining,0.17045454545454544
0,RLI12-2,14,Aversive,0.15121951219512195
1,RLI12-2,14,Overlap,0.5902439024390244
2,RLI12-2,14,Neutral,0.08292682926829269
3,RLI12-2,14,Remaining,0.17560975609756097
0,RLI12-2,16,Aversive,0.15384615384615385
1,RLI12-2,16,Overlap,0.5641025641025641
2,RLI12-2,16,Neutral,0.1111111111111111
3,RLI12-2,16,Remaining,0.17094017094017094
0,RLI12-2,18,Aversive,0.14015151515151514
1,RLI12-2,18,Overlap,0.5454545454545454
2,RLI12-2,18,Neutral,0.10606060606060606
3,RLI12-2,18,Remaining,0.20833333333333334
0,RLI12-2,20,Aversive,0.12627986348122866
1,RLI12-2,20,Overlap,0.49146757679180886
2,RLI12-2,20,Neutral,0.09556313993174062
3,RLI12-2,20,Remaining,0.28668941979522183
0,RLI12-2,22,Aversive,0.11490683229813664
1,RLI12-2,22,Overlap,0.4472049689440994
2,RLI12-2,22,Neutral,0.08695652173913043
3,RLI12-2,22,Remaining,0.35093167701863354
0,RLI12-2,24,Aversive,0.10511363636363637
1,RLI12-2,24,Overlap,0.4090909090909091
2,RLI12-2,24,Neutral,0.07954545454545454
3,RLI12-2,24,Remaining,0.40625
0,RLI12-2,26,Aversive,0.09973753280839895
1,RLI12-2,26,Overlap,0.3779527559055118
2,RLI12-2,26,Neutral,0.07349081364829396
3,RLI12-2,26,Remaining,0.44881889763779526
0,RLI12-2,28,Aversive,0.09268292682926829
1,RLI12-2,28,Overlap,0.35121951219512193
2,RLI12-2,28,Neutral,0.06829268292682927
3,RLI12-2,28,Remaining,0.4878048780487805
0,RLI12-2,30,Aversive,0.08636363636363636
1,RLI12-2,30,Overlap,0.32727272727272727
2,RLI12-2,30,Neutral,0.06363636363636363
3,RLI12-2,30,Remaining,0.5227272727272727
0,RLI12-2,32,Aversive,0.08102345415778252
1,RLI12-2,32,Overlap,0.3070362473347548
2,RLI12-2,32,Neutral,0.05970149253731343
3,RLI12-2,32,Remaining,0.5522388059701493
0,RLI12-2,34,Aversive,0.07630522088353414
1,RLI12-2,34,Overlap,0.2891566265060241
2,RLI12-2,34,Neutral,0.05622489959839357
3,RLI12-2,34,Remaining,0.5783132530120482
0,RLI12-2,36,Aversive,0.07196969696969698
1,RLI12-2,36,Overlap,0.2727272727272727
2,RLI12-2,36,Neutral,0.05303030303030303
3,RLI12-2,36,Remaining,0.6022727272727273
0,RLI12-2,38,Aversive,0.06822262118491922
1,RLI12-2,38,Overlap,0.2585278276481149
2,RLI12-2,38,Neutral,0.05026929982046679
3,RLI12-2,38,Remaining,0.6229802513464991
0,RLI12-2,40,Aversive,0.06484641638225255
1,RLI12-2,40,Overlap,0.24573378839590443
2,RLI12-2,40,Neutral,0.04778156996587031
3,RLI12-2,40,Remaining,0.6416382252559727
0,RLI12-2,42,Aversive,0.06168831168831169
1,RLI12-2,42,Overlap,0.23376623376623376
2,RLI12-2,42,Neutral,0.045454545454545456
3,RLI12-2,42,Remaining,0.6590909090909091
0,RLI12-2,44,Aversive,0.05891472868217054
1,RLI12-2,44,Overlap,0.22325581395348837
2,RLI12-2,44,Neutral,0.043410852713178294
3,RLI12-2,44,Remaining,0.6744186046511628
0,RLI12-2,46,Aversive,0.05637982195845697
1,RLI12-2,46,Overlap,0.21364985163204747
2,RLI12-2,46,Neutral,0.04154302670623145
3,RLI12-2,46,Remaining,0.6884272997032641
0,RLI12-2,48,Aversive,0.05397727272727273
1,RLI12-2,48,Overlap,0.20454545454545456
2,RLI12-2,48,Neutral,0.03977272727272727
3,RLI12-2,48,Remaining,0.7017045454545454
0,RLI12-2,50,Aversive,0.05184174624829468
1,RLI12-2,50,Overlap,0.19645293315143247
2,RLI12-2,50,Neutral,0.03819918144611187
3,RLI12-2,50,Remaining,0.713506139154161
0,RLI12-2,52,Aversive,0.049868766404199474
1,RLI12-2,52,Overlap,0.1889763779527559
2,RLI12-2,52,Neutral,0.03674540682414698
3,RLI12-2,52,Remaining,0.7244094488188977
0,RLI12-2,54,Aversive,0.047979797979797977
1,RLI12-2,54,Overlap,0.18181818181818182
2,RLI12-2,54,Neutral,0.03535353535353535
3,RLI12-2,54,Remaining,0.7348484848484849
0,RLI12-2,56,Aversive,0.04628501827040195
1,RLI12-2,56,Overlap,0.1753958587088916
2,RLI12-2,56,Neutral,0.0341047503045067
3,RLI12-2,56,Remaining,0.7442143727161997
0,RLI12-2,58,Aversive,0.04470588235294118
1,RLI12-2,58,Overlap,0.16941176470588235
2,RLI12-2,58,Neutral,0.03294117647058824
3,RLI12-2,58,Remaining,0.7529411764705882
0,RLI12-2,60,Aversive,0.04318181818181818
1,RLI12-2,60,Overlap,0.1806818181818182
2,RLI12-2,60,Neutral,0.031818181818181815
3,RLI12-2,60,Remaining,0.7443181818181818
0,RLI12-2,62,Aversive,0.041804180418041806
1,RLI12-2,62,Overlap,0.2068206820682068
2,RLI12-2,62,Neutral,0.030803080308030802
3,RLI12-2,62,Remaining,0.7205720572057206
0,RLI12-2,64,Aversive,0.04051172707889126
1,RLI12-2,64,Overlap,0.23134328358208955
2,RLI12-2,64,Neutral,0.029850746268656716
3,RLI12-2,64,Remaining,0.6982942430703625
0,RLI12-2,66,Aversive,0.03925619834710744
1,RLI12-2,66,Overlap,0.2262396694214876
2,RLI12-2,66,Neutral,0.05785123966942149
3,RLI12-2,66,Remaining,0.6766528925619835
0,RLI12-2,68,Aversive,0.03811434302908726
1,RLI12-2,68,Overlap,0.238716148445336
2,RLI12-2,68,Neutral,0.06619859578736209
3,RLI12-2,68,Remaining,0.6569709127382146
0,RLI12-2,70,Aversive,0.04678362573099415
1,RLI12-2,70,Overlap,0.24463937621832357
2,RLI12-2,70,Neutral,0.07017543859649122
3,RLI12-2,70,Remaining,0.6384015594541911
0,RLI12-2,72,Aversive,0.07386363636363637
1,RLI12-2,72,Overlap,0.23768939393939395
2,RLI12-2,72,Neutral,0.06818181818181818
3,RLI12-2,72,Remaining,0.6202651515151515
0,RLI12-2,74,Aversive,0.09861751152073733
1,RLI12-2,74,Overlap,0.2313364055299539
2,RLI12-2,74,Neutral,0.0663594470046083
3,RLI12-2,74,Remaining,0.6036866359447005
0,RLI12-2,76,Aversive,0.10143626570915619
1,RLI12-2,76,Overlap,0.2459605026929982
2,RLI12-2,76,Neutral,0.06463195691202872
3,RLI12-2,76,Remaining,0.5879712746858169
0,RLI12-2,78,Aversive,0.11188811188811189
1,RLI12-2,78,Overlap,0.2526223776223776
2,RLI12-2,78,Neutral,0.06293706293706294
3,RLI12-2,78,Remaining,0.5725524475524476
0,RLI12-2,80,Aversive,0.11082693947144075
1,RLI12-2,80,Overlap,0.2617220801364024
2,RLI12-2,80,Neutral,0.06308610400682012
3,RLI12-2,80,Remaining,0.5643648763853367
0,RLI12-2,82,Aversive,0.10815307820299501
1,RLI12-2,82,Overlap,0.25540765391014975
2,RLI12-2,82,Neutral,0.06156405990016639
3,RLI12-2,82,Remaining,0.5748752079866889
0,RLI12-2,84,Aversive,0.10551948051948051
1,RLI12-2,84,Overlap,0.24918831168831168
2,RLI12-2,84,Neutral,0.060064935064935064
3,RLI12-2,84,Remaining,0.5852272727272727
0,RLI12-2,86,Aversive,0.10309278350515463
1,RLI12-2,86,Overlap,0.24345757335448057
2,RLI12-2,86,Neutral,0.05868358445678033
3,RLI12-2,86,Remaining,0.5947660586835845
0,RLI12-2,88,Aversive,0.10077519379844961
1,RLI12-2,88,Overlap,0.237984496124031
2,RLI12-2,88,Neutral,0.05736434108527132
3,RLI12-2,88,Remaining,0.603875968992248
0,RLI12-2,90,Aversive,0.09848484848484848
1,RLI12-2,90,Overlap,0.23257575757575757
2,RLI12-2,90,Neutral,0.058333333333333334
3,RLI12-2,90,Remaining,0.6106060606060606
0,RLI12-2,92,Aversive,0.09636767976278725
1,RLI12-2,92,Overlap,0.22757598220904374
2,RLI12-2,92,Neutral,0.07857672349888807
3,RLI12-2,92,Remaining,0.597479614529281
0,RLI12-2,94,Aversive,0.09433962264150944
1,RLI12-2,94,Overlap,0.2227866473149492
2,RLI12-2,94,Neutral,0.09796806966618288
3,RLI12-2,94,Remaining,0.5849056603773585
0,RLI12-2,96,Aversive,0.09232954545454546
1,RLI12-2,96,Overlap,0.21803977272727273
2,RLI12-2,96,Neutral,0.10653409090909091
3,RLI12-2,96,Remaining,0.5830965909090909
0,RLI12-2,98,Aversive,0.09046624913013222
1,RLI12-2,98,Overlap,0.21363952679192763
2,RLI12-2,98,Neutral,0.10438413361169102
3,RLI12-2,98,Remaining,0.5915100904662491
0,RLI12-2,100,Aversive,0.08861622358554874
1,RLI12-2,100,Overlap,0.2092706203135651
2,RLI12-2,100,Neutral,0.1056578050443081
3,RLI12-2,100,Remaining,0.5964553510565781
0,RLI12-3,2,Aversive,0.10344827586206896
1,RLI12-3,2,Overlap,0.4827586206896552
2,RLI12-3,2,Neutral,0.27586206896551724
3,RLI12-3,2,Remaining,0.13793103448275862
0,RLI12-3,4,Aversive,0.10344827586206896
1,RLI12-3,4,Overlap,0.4827586206896552
2,RLI12-3,4,Neutral,0.22413793103448276
3,RLI12-3,4,Remaining,0.1896551724137931
0,RLI12-3,6,Aversive,0.11363636363636363
1,RLI12-3,6,Overlap,0.3977272727272727
2,RLI12-3,6,Neutral,0.25
3,RLI12-3,6,Remaining,0.23863636363636365
0,RLI12-3,8,Aversive,0.10256410256410256
1,RLI12-3,8,Overlap,0.41025641025641024
2,RLI12-3,8,Neutral,0.24786324786324787
3,RLI12-3,8,Remaining,0.23931623931623933
0,RLI12-3,10,Aversive,0.1232876712328767
1,RLI12-3,10,Overlap,0.3835616438356164
2,RLI12-3,10,Neutral,0.273972602739726
3,RLI12-3,10,Remaining,0.2191780821917808
0,RLI12-3,12,Aversive,0.10795454545454546
1,RLI12-3,12,Overlap,0.3977272727272727
2,RLI12-3,12,Neutral,0.2897727272727273
3,RLI12-3,12,Remaining,0.20454545454545456
0,RLI12-3,14,Aversive,0.12682926829268293
1,RLI12-3,14,Overlap,0.37073170731707317
2,RLI12-3,14,Neutral,0.25853658536585367
3,RLI12-3,14,Remaining,0.24390243902439024
0,RLI12-3,16,Aversive,0.12340425531914893
1,RLI12-3,16,Overlap,0.3659574468085106
2,RLI12-3,16,Neutral,0.2723404255319149
3,RLI12-3,16,Remaining,0.23829787234042554
0,RLI12-3,18,Aversive,0.10984848484848485
1,RLI12-3,18,Overlap,0.35984848484848486
2,RLI12-3,18,Neutral,0.25757575757575757
3,RLI12-3,18,Remaining,0.2727272727272727
0,RLI12-3,20,Aversive,0.12627986348122866
1,RLI12-3,20,Overlap,0.3583617747440273
2,RLI12-3,20,Neutral,0.24232081911262798
3,RLI12-3,20,Remaining,0.27303754266211605
0,RLI12-3,22,Aversive,0.11455108359133127
1,RLI12-3,22,Overlap,0.33746130030959753
2,RLI12-3,22,Neutral,0.26625386996904027
3,RLI12-3,22,Remaining,0.28173374613003094
0,RLI12-3,24,Aversive,0.10795454545454546
1,RLI12-3,24,Overlap,0.3096590909090909
2,RLI12-3,24,Neutral,0.2528409090909091
3,RLI12-3,24,Remaining,0.32954545454545453
0,RLI12-3,26,Aversive,0.12860892388451445
1,RLI12-3,26,Overlap,0.3333333333333333
2,RLI12-3,26,Neutral,0.2335958005249344
3,RLI12-3,26,Remaining,0.30446194225721784
0,RLI12-3,28,Aversive,0.12652068126520682
1,RLI12-3,28,Overlap,0.36739659367396593
2,RLI12-3,28,Neutral,0.21654501216545013
3,RLI12-3,28,Remaining,0.2895377128953771
0,RLI12-3,30,Aversive,0.11818181818181818
1,RLI12-3,30,Overlap,0.3431818181818182
2,RLI12-3,30,Neutral,0.20227272727272727
3,RLI12-3,30,Remaining,0.33636363636363636
0,RLI12-3,32,Aversive,0.11063829787234042
1,RLI12-3,32,Overlap,0.32127659574468087
2,RLI12-3,32,Neutral,0.18936170212765957
3,RLI12-3,32,Remaining,0.37872340425531914
0,RLI12-3,34,Aversive,0.10420841683366733
1,RLI12-3,34,Overlap,0.3026052104208417
2,RLI12-3,34,Neutral,0.17835671342685372
3,RLI12-3,34,Remaining,0.4148296593186373
0,RLI12-3,36,Aversive,0.09848484848484848
1,RLI12-3,36,Overlap,0.2859848484848485
2,RLI12-3,36,Neutral,0.16856060606060605
3,RLI12-3,36,Remaining,0.44696969696969696
0,RLI12-3,38,Aversive,0.0931899641577061
1,RLI12-3,38,Overlap,0.27060931899641577
2,RLI12-3,38,Neutral,0.15949820788530467
3,RLI12-3,38,Remaining,0.4767025089605735
0,RLI12-3,40,Aversive,0.08858603066439523
1,RLI12-3,40,Overlap,0.2572402044293015
2,RLI12-3,40,Neutral,0.151618398637138
3,RLI12-3,40,Remaining,0.5025553662691652
0,RLI12-3,42,Aversive,0.08441558441558442
1,RLI12-3,42,Overlap,0.24512987012987014
2,RLI12-3,42,Neutral,0.1444805194805195
3,RLI12-3,42,Remaining,0.525974025974026
0,RLI12-3,44,Aversive,0.0804953560371517
1,RLI12-3,44,Overlap,0.23374613003095976
2,RLI12-3,44,Neutral,0.13777089783281735
3,RLI12-3,44,Remaining,0.5479876160990712
0,RLI12-3,46,Aversive,0.07703703703703704
1,RLI12-3,46,Overlap,0.2237037037037037
2,RLI12-3,46,Neutral,0.13185185185185186
3,RLI12-3,46,Remaining,0.5674074074074074
0,RLI12-3,48,Aversive,0.07375886524822695
1,RLI12-3,48,Overlap,0.21418439716312057
2,RLI12-3,48,Neutral,0.12624113475177304
3,RLI12-3,48,Remaining,0.5858156028368794
0,RLI12-3,50,Aversive,0.07084468664850137
1,RLI12-3,50,Overlap,0.20572207084468666
2,RLI12-3,50,Neutral,0.12125340599455041
3,RLI12-3,50,Remaining,0.6021798365122616
0,RLI12-3,52,Aversive,0.06815203145478375
1,RLI12-3,52,Overlap,0.19790301441677588
2,RLI12-3,52,Neutral,0.11664482306684142
3,RLI12-3,52,Remaining,0.617300131061599
0,RLI12-3,54,Aversive,0.06557377049180328
1,RLI12-3,54,Overlap,0.19041614123581338
2,RLI12-3,54,Neutral,0.11223203026481715
3,RLI12-3,54,Remaining,0.6317780580075663
0,RLI12-3,56,Aversive,0.06326034063260341
1,RLI12-3,56,Overlap,0.18369829683698297
2,RLI12-3,56,Neutral,0.10827250608272507
3,RLI12-3,56,Remaining,0.6447688564476886
0,RLI12-3,58,Aversive,0.06103286384976526
1,RLI12-3,58,Overlap,0.1772300469483568
2,RLI12-3,58,Neutral,0.10446009389671361
3,RLI12-3,58,Remaining,0.6572769953051644
0,RLI12-3,60,Aversive,0.05902383654937571
1,RLI12-3,60,Overlap,0.1713961407491487
2,RLI12-3,60,Neutral,0.10102156640181612
3,RLI12-3,60,Remaining,0.6685584562996595
0,RLI12-3,62,Aversive,0.05714285714285714
1,RLI12-3,62,Overlap,0.16593406593406593
2,RLI12-3,62,Neutral,0.0978021978021978
3,RLI12-3,62,Remaining,0.6791208791208792
0,RLI12-3,64,Aversive,0.05531914893617021
1,RLI12-3,64,Overlap,0.16170212765957448
2,RLI12-3,64,Neutral,0.09574468085106383
3,RLI12-3,64,Remaining,0.6872340425531915
0,RLI12-3,66,Aversive,0.053663570691434466
1,RLI12-3,66,Overlap,0.1568627450980392
2,RLI12-3,66,Neutral,0.12280701754385964
3,RLI12-3,66,Remaining,0.6666666666666666
0,RLI12-3,68,Aversive,0.052104208416833664
1,RLI12-3,68,Overlap,0.16132264529058116
2,RLI12-3,68,Neutral,0.13927855711422846
3,RLI12-3,68,Remaining,0.6472945891783567
0,RLI12-3,70,Aversive,0.05058365758754864
1,RLI12-3,70,Overlap,0.1575875486381323
2,RLI12-3,70,Neutral,0.16342412451361868
3,RLI12-3,70,Remaining,0.6284046692607004
0,RLI12-3,72,Aversive,0.04919583727530748
1,RLI12-3,72,Overlap,0.15704824976348156
2,RLI12-3,72,Neutral,0.17880794701986755
3,RLI12-3,72,Remaining,0.6149479659413434
0,RLI12-3,74,Aversive,0.04783808647654094
1,RLI12-3,74,Overlap,0.16743330266789327
2,RLI12-3,74,Neutral,0.1858325666973321
3,RLI12-3,74,Remaining,0.5988960441582337
0,RLI12-3,76,Aversive,0.04659498207885305
1,RLI12-3,76,Overlap,0.18100358422939067
2,RLI12-3,76,Neutral,0.18906810035842295
3,RLI12-3,76,Remaining,0.5833333333333334
0,RLI12-3,78,Aversive,0.045414847161572056
1,RLI12-3,78,Overlap,0.2
2,RLI12-3,78,Neutral,0.18602620087336244
3,RLI12-3,78,Remaining,0.5685589519650655
0,RLI12-3,80,Aversive,0.04425531914893617
1,RLI12-3,80,Overlap,0.2076595744680851
2,RLI12-3,80,Neutral,0.19404255319148936
3,RLI12-3,80,Remaining,0.5540425531914893
0,RLI12-3,82,Aversive,0.04318936877076412
1,RLI12-3,82,Overlap,0.21760797342192692
2,RLI12-3,82,Neutral,0.19767441860465115
3,RLI12-3,82,Remaining,0.5415282392026578
0,RLI12-3,84,Aversive,0.05190592051905921
1,RLI12-3,84,Overlap,0.21248986212489862
2,RLI12-3,84,Neutral,0.19302514193025141
3,RLI12-3,84,Remaining,0.5425790754257908
0,RLI12-3,86,Aversive,0.0625494853523357
1,RLI12-3,86,Overlap,0.20744259699129058
2,RLI12-3,86,Neutral,0.18844022169437846
3,RLI12-3,86,Remaining,0.5415676959619953
0,RLI12-3,88,Aversive,0.06424148606811146
1,RLI12-3,88,Overlap,0.20356037151702785
2,RLI12-3,88,Neutral,0.18421052631578946
3,RLI12-3,88,Remaining,0.5479876160990712
0,RLI12-3,90,Aversive,0.06429652042360061
1,RLI12-3,90,Overlap,0.1989409984871407
2,RLI12-3,90,Neutral,0.1800302571860817
3,RLI12-3,90,Remaining,0.556732223903177
0,RLI12-3,92,Aversive,0.06291635825314582
1,RLI12-3,92,Overlap,0.19541080680977055
2,RLI12-3,92,Neutral,0.17616580310880828
3,RLI12-3,92,Remaining,0.5655070318282753
0,RLI12-3,94,Aversive,0.06594202898550725
1,RLI12-3,94,Overlap,0.1934782608695652
2,RLI12-3,94,Neutral,0.17246376811594202
3,RLI12-3,94,Remaining,0.5681159420289855
0,RLI12-3,96,Aversive,0.06808510638297872
1,RLI12-3,96,Overlap,0.19361702127659575
2,RLI12-3,96,Neutral,0.16879432624113475
3,RLI12-3,96,Remaining,0.5695035460992908
0,RLI12-3,98,Aversive,0.0778318276580959
1,RLI12-3,98,Overlap,0.18971507991660877
2,RLI12-3,98,Neutral,0.16539263377345378
3,RLI12-3,98,Remaining,0.5670604586518415
0,RLI12-3,100,Aversive,0.08509189925119129
1,RLI12-3,100,Overlap,0.18584070796460178
2,RLI12-3,100,Neutral,0.16201497617426822
3,RLI12-3,100,Remaining,0.5670524166099388
0,RLI12-4,2,Aversive,0.13636363636363635
1,RLI12-4,2,Overlap,0.6363636363636364
2,RLI12-4,2,Neutral,0.13636363636363635
3,RLI12-4,2,Remaining,0.09090909090909091
0,RLI12-4,4,Aversive,0.17777777777777778
1,RLI12-4,4,Overlap,0.6444444444444445
2,RLI12-4,4,Neutral,0.08888888888888889
3,RLI12-4,4,Remaining,0.08888888888888889
0,RLI12-4,6,Aversive,0.17647058823529413
1,RLI12-4,6,Overlap,0.6617647058823529
2,RLI12-4,6,Neutral,0.058823529411764705
3,RLI12-4,6,Remaining,0.10294117647058823
0,RLI12-4,8,Aversive,0.1978021978021978
1,RLI12-4,8,Overlap,0.6153846153846154
2,RLI12-4,8,Neutral,0.06593406593406594
3,RLI12-4,8,Remaining,0.12087912087912088
0,RLI12-4,10,Aversive,0.21052631578947367
1,RLI12-4,10,Overlap,0.5964912280701754
2,RLI12-4,10,Neutral,0.06140350877192982
3,RLI12-4,10,Remaining,0.13157894736842105
0,RLI12-4,12,Aversive,0.22627737226277372
1,RLI12-4,12,Overlap,0.5547445255474452
2,RLI12-4,12,Neutral,0.08029197080291971
3,RLI12-4,12,Remaining,0.1386861313868613
0,RLI12-4,14,Aversive,0.20625
1,RLI12-4,14,Overlap,0.55625
2,RLI12-4,14,Neutral,0.08125
3,RLI12-4,14,Remaining,0.15625
0,RLI12-4,16,Aversive,0.19672131147540983
1,RLI12-4,16,Overlap,0.5683060109289617
2,RLI12-4,16,Neutral,0.09289617486338798
3,RLI12-4,16,Remaining,0.14207650273224043
0,RLI12-4,18,Aversive,0.2
1,RLI12-4,18,Overlap,0.5658536585365853
2,RLI12-4,18,Neutral,0.08292682926829269
3,RLI12-4,18,Remaining,0.15121951219512195
0,RLI12-4,20,Aversive,0.21052631578947367
1,RLI12-4,20,Overlap,0.5350877192982456
2,RLI12-4,20,Neutral,0.07894736842105263
3,RLI12-4,20,Remaining,0.17543859649122806
0,RLI12-4,22,Aversive,0.19123505976095617
1,RLI12-4,22,Overlap,0.4940239043824701
2,RLI12-4,22,Neutral,0.07171314741035857
3,RLI12-4,22,Remaining,0.24302788844621515
0,RLI12-4,24,Aversive,0.17518248175182483
1,RLI12-4,24,Overlap,0.45255474452554745
2,RLI12-4,24,Neutral,0.06569343065693431
3,RLI12-4,24,Remaining,0.30656934306569344
0,RLI12-4,26,Aversive,0.16161616161616163
1,RLI12-4,26,Overlap,0.4175084175084175
2,RLI12-4,26,Neutral,0.06060606060606061
3,RLI12-4,26,Remaining,0.3602693602693603
0,RLI12-4,28,Aversive,0.15
1,RLI12-4,28,Overlap,0.3875
2,RLI12-4,28,Neutral,0.05625
3,RLI12-4,28,Remaining,0.40625
0,RLI12-4,30,Aversive,0.13994169096209913
1,RLI12-4,30,Overlap,0.36151603498542273
2,RLI12-4,30,Neutral,0.052478134110787174
3,RLI12-4,30,Remaining,0.446064139941691
0,RLI12-4,32,Aversive,0.13114754098360656
1,RLI12-4,32,Overlap,0.33879781420765026
2,RLI12-4,32,Neutral,0.04918032786885246
3,RLI12-4,32,Remaining,0.4808743169398907
0,RLI12-4,34,Aversive,0.12371134020618557
1,RLI12-4,34,Overlap,0.31958762886597936
2,RLI12-4,34,Neutral,0.04639175257731959
3,RLI12-4,34,Remaining,0.5103092783505154
0,RLI12-4,36,Aversive,0.11678832116788321
1,RLI12-4,36,Overlap,0.30170316301703165
2,RLI12-4,36,Neutral,0.043795620437956206
3,RLI12-4,36,Remaining,0.537712895377129
0,RLI12-4,38,Aversive,0.11059907834101383
1,RLI12-4,38,Overlap,0.2857142857142857
2,RLI12-4,38,Neutral,0.041474654377880185
3,RLI12-4,38,Remaining,0.5622119815668203
0,RLI12-4,40,Aversive,0.1050328227571116
1,RLI12-4,40,Overlap,0.2713347921225383
2,RLI12-4,40,Neutral,0.03938730853391685
3,RLI12-4,40,Remaining,0.5842450765864332
0,RLI12-4,42,Aversive,0.1
1,RLI12-4,42,Overlap,0.25833333333333336
2,RLI12-4,42,Neutral,0.0375
3,RLI12-4,42,Remaining,0.6041666666666666
0,RLI12-4,44,Aversive,0.09542743538767395
1,RLI12-4,44,Overlap,0.24652087475149106
2,RLI12-4,44,Neutral,0.03578528827037773
3,RLI12-4,44,Remaining,0.6222664015904572
0,RLI12-4,46,Aversive,0.09125475285171103
1,RLI12-4,46,Overlap,0.23574144486692014
2,RLI12-4,46,Neutral,0.034220532319391636
3,RLI12-4,46,Remaining,0.6387832699619772
0,RLI12-4,48,Aversive,0.08743169398907104
1,RLI12-4,48,Overlap,0.22586520947176686
2,RLI12-4,48,Neutral,0.03278688524590164
3,RLI12-4,48,Remaining,0.6539162112932605
0,RLI12-4,50,Aversive,0.08391608391608392
1,RLI12-4,50,Overlap,0.21678321678321677
2,RLI12-4,50,Neutral,0.03146853146853147
3,RLI12-4,50,Remaining,0.6678321678321678
0,RLI12-4,52,Aversive,0.08080808080808081
1,RLI12-4,52,Overlap,0.20875420875420875
2,RLI12-4,52,Neutral,0.030303030303030304
3,RLI12-4,52,Remaining,0.6801346801346801
0,RLI12-4,54,Aversive,0.07779578606158834
1,RLI12-4,54,Overlap,0.20097244732576985
2,RLI12-4,54,Neutral,0.029173419773095625
3,RLI12-4,54,Remaining,0.6920583468395461
0,RLI12-4,56,Aversive,0.075
1,RLI12-4,56,Overlap,0.19375
2,RLI12-4,56,Neutral,0.028125
3,RLI12-4,56,Remaining,0.703125
0,RLI12-4,58,Aversive,0.07239819004524888
1,RLI12-4,58,Overlap,0.1870286576168929
2,RLI12-4,58,Neutral,0.027149321266968326
3,RLI12-4,58,Remaining,0.7134238310708899
0,RLI12-4,60,Aversive,0.07142857142857142
1,RLI12-4,60,Overlap,0.2055393586005831
2,RLI12-4,60,Neutral,0.026239067055393587
3,RLI12-4,60,Remaining,0.6967930029154519
0,RLI12-4,62,Aversive,0.0691114245416079
1,RLI12-4,62,Overlap,0.231311706629055
2,RLI12-4,62,Neutral,0.02538787023977433
3,RLI12-4,62,Remaining,0.6741889985895627
0,RLI12-4,64,Aversive,0.06693989071038252
1,RLI12-4,64,Overlap,0.25546448087431695
2,RLI12-4,64,Neutral,0.02459016393442623
3,RLI12-4,64,Remaining,0.6530054644808743
0,RLI12-4,66,Aversive,0.06490066225165562
1,RLI12-4,66,Overlap,0.2781456953642384
2,RLI12-4,66,Neutral,0.02384105960264901
3,RLI12-4,66,Remaining,0.633112582781457
0,RLI12-4,68,Aversive,0.06306306306306306
1,RLI12-4,68,Overlap,0.2985842985842986
2,RLI12-4,68,Neutral,0.023166023166023165
3,RLI12-4,68,Remaining,0.6151866151866152
0,RLI12-4,70,Aversive,0.07625
1,RLI12-4,70,Overlap,0.30375
2,RLI12-4,70,Neutral,0.0225
3,RLI12-4,70,Remaining,0.5975
0,RLI12-4,72,Aversive,0.10206561360874848
1,RLI12-4,72,Overlap,0.29526123936816523
2,RLI12-4,72,Neutral,0.02187120291616039
3,RLI12-4,72,Remaining,0.5808019441069259
0,RLI12-4,74,Aversive,0.12647754137115838
1,RLI12-4,74,Overlap,0.2872340425531915
2,RLI12-4,74,Neutral,0.02127659574468085
3,RLI12-4,74,Remaining,0.5650118203309693
0,RLI12-4,76,Aversive,0.12428078250863062
1,RLI12-4,76,Overlap,0.3049482163406214
2,RLI12-4,76,Neutral,0.020713463751438434
3,RLI12-4,76,Remaining,0.5500575373993095
0,RLI12-4,78,Aversive,0.1367713004484305
1,RLI12-4,78,Overlap,0.3071748878923767
2,RLI12-4,78,Neutral,0.020179372197309416
3,RLI12-4,78,Remaining,0.5358744394618834
0,RLI12-4,80,Aversive,0.1366120218579235
1,RLI12-4,80,Overlap,0.31256830601092894
2,RLI12-4,80,Neutral,0.02841530054644809
3,RLI12-4,80,Remaining,0.5224043715846994
0,RLI12-4,82,Aversive,0.13326226012793177
1,RLI12-4,82,Overlap,0.3049040511727079
2,RLI12-4,82,Neutral,0.05223880597014925
3,RLI12-4,82,Remaining,0.509594882729211
0,RLI12-4,84,Aversive,0.13020833333333334
1,RLI12-4,84,Overlap,0.29791666666666666
2,RLI12-4,84,Neutral,0.07395833333333333
3,RLI12-4,84,Remaining,0.4979166666666667
0,RLI12-4,86,Aversive,0.1271617497456765
1,RLI12-4,86,Overlap,0.29094608341810785
2,RLI12-4,86,Neutral,0.09562563580874874
3,RLI12-4,86,Remaining,0.4862665310274669
0,RLI12-4,88,Aversive,0.1242544731610338
1,RLI12-4,88,Overlap,0.28429423459244535
2,RLI12-4,88,Neutral,0.10934393638170974
3,RLI12-4,88,Remaining,0.4821073558648111
0,RLI12-4,90,Aversive,0.12147716229348883
1,RLI12-4,90,Overlap,0.28085519922254615
2,RLI12-4,90,Neutral,0.12633624878522837
3,RLI12-4,90,Remaining,0.4713313896987366
0,RLI12-4,92,Aversive,0.1188212927756654
1,RLI12-4,92,Overlap,0.2965779467680608
2,RLI12-4,92,Neutral,0.12357414448669202
3,RLI12-4,92,Remaining,0.4610266159695818
0,RLI12-4,94,Aversive,0.11627906976744186
1,RLI12-4,94,Overlap,0.3116279069767442
2,RLI12-4,94,Neutral,0.12093023255813953
3,RLI12-4,94,Remaining,0.4511627906976744
0,RLI12-4,96,Aversive,0.11384335154826958
1,RLI12-4,96,Overlap,0.31420765027322406
2,RLI12-4,96,Neutral,0.12932604735883424
3,RLI12-4,96,Remaining,0.4426229508196721
0,RLI12-4,98,Aversive,0.11150758251561106
1,RLI12-4,98,Overlap,0.31311329170383584
2,RLI12-4,98,Neutral,0.14183764495985726
3,RLI12-4,98,Remaining,0.4335414808206958
0,RLI12-4,100,Aversive,0.10926573426573427
1,RLI12-4,100,Overlap,0.32517482517482516
2,RLI12-4,100,Neutral,0.13986013986013987
3,RLI12-4,100,Remaining,0.4256993006993007
0,RLI12-5,2,Aversive,0.14814814814814814
1,RLI12-5,2,Overlap,0.5925925925925926
2,RLI12-5,2,Neutral,0.037037037037037035
3,RLI12-5,2,Remaining,0.2222222222222222
0,RLI12-5,4,Aversive,0.14545454545454545
1,RLI12-5,4,Overlap,0.6363636363636364
2,RLI12-5,4,Neutral,0.10909090909090909
3,RLI12-5,4,Remaining,0.10909090909090909
0,RLI12-5,6,Aversive,0.12048192771084337
1,RLI12-5,6,Overlap,0.6024096385542169
2,RLI12-5,6,Neutral,0.13253012048192772
3,RLI12-5,6,Remaining,0.14457831325301204
0,RLI12-5,8,Aversive,0.13513513513513514
1,RLI12-5,8,Overlap,0.5855855855855856
2,RLI12-5,8,Neutral,0.15315315315315314
3,RLI12-5,8,Remaining,0.12612612612612611
0,RLI12-5,10,Aversive,0.1223021582733813
1,RLI12-5,10,Overlap,0.5683453237410072
2,RLI12-5,10,Neutral,0.12949640287769784
3,RLI12-5,10,Remaining,0.17985611510791366
0,RLI12-5,12,Aversive,0.10179640718562874
1,RLI12-5,12,Overlap,0.47305389221556887
2,RLI12-5,12,Neutral,0.10778443113772455
3,RLI12-5,12,Remaining,0.31736526946107785
0,RLI12-5,14,Aversive,0.08717948717948718
1,RLI12-5,14,Overlap,0.40512820512820513
2,RLI12-5,14,Neutral,0.09230769230769231
3,RLI12-5,14,Remaining,0.4153846153846154
0,RLI12-5,16,Aversive,0.07623318385650224
1,RLI12-5,16,Overlap,0.3542600896860987
2,RLI12-5,16,Neutral,0.08071748878923767
3,RLI12-5,16,Remaining,0.48878923766816146
0,RLI12-5,18,Aversive,0.06772908366533864
1,RLI12-5,18,Overlap,0.3147410358565737
2,RLI12-5,18,Neutral,0.07171314741035857
3,RLI12-5,18,Remaining,0.545816733067729
0,RLI12-5,20,Aversive,0.06451612903225806
1,RLI12-5,20,Overlap,0.2831541218637993
2,RLI12-5,20,Neutral,0.06451612903225806
3,RLI12-5,20,Remaining,0.5878136200716846
0,RLI12-5,22,Aversive,0.05863192182410423
1,RLI12-5,22,Overlap,0.25732899022801303
2,RLI12-5,22,Neutral,0.08794788273615635
3,RLI12-5,22,Remaining,0.5960912052117264
0,RLI12-5,24,Aversive,0.05373134328358209
1,RLI12-5,24,Overlap,0.23582089552238805
2,RLI12-5,24,Neutral,0.11641791044776119
3,RLI12-5,24,Remaining,0.5940298507462687
0,RLI12-5,26,Aversive,0.049723756906077346
1,RLI12-5,26,Overlap,0.21823204419889503
2,RLI12-5,26,Neutral,0.1132596685082873
3,RLI12-5,26,Remaining,0.6187845303867403
0,RLI12-5,28,Aversive,0.046153846153846156
1,RLI12-5,28,Overlap,0.20256410256410257
2,RLI12-5,28,Neutral,0.10512820512820513
3,RLI12-5,28,Remaining,0.6461538461538462
0,RLI12-5,30,Aversive,0.0430622009569378
1,RLI12-5,30,Overlap,0.18899521531100477
2,RLI12-5,30,Neutral,0.09808612440191387
3,RLI12-5,30,Remaining,0.6698564593301436
0,RLI12-5,32,Aversive,0.04035874439461883
1,RLI12-5,32,Overlap,0.17713004484304934
2,RLI12-5,32,Neutral,0.09192825112107623
3,RLI12-5,32,Remaining,0.6905829596412556
0,RLI12-5,34,Aversive,0.0379746835443038
1,RLI12-5,34,Overlap,0.16666666666666666
2,RLI12-5,34,Neutral,0.08649789029535865
3,RLI12-5,34,Remaining,0.7088607594936709
0,RLI12-5,36,Aversive,0.035856573705179286
1,RLI12-5,36,Overlap,0.15737051792828685
2,RLI12-5,36,Neutral,0.08167330677290836
3,RLI12-5,36,Remaining,0.7250996015936255
0,RLI12-5,38,Aversive,0.033962264150943396
1,RLI12-5,38,Overlap,0.1490566037735849
2,RLI12-5,38,Neutral,0.07735849056603773
3,RLI12-5,38,Remaining,0.7396226415094339
0,RLI12-5,40,Aversive,0.03225806451612903
1,RLI12-5,40,Overlap,0.14157706093189965
2,RLI12-5,40,Neutral,0.07347670250896057
3,RLI12-5,40,Remaining,0.7526881720430108
0,RLI12-5,42,Aversive,0.030716723549488054
1,RLI12-5,42,Overlap,0.1348122866894198
2,RLI12-5,42,Neutral,0.06996587030716724
3,RLI12-5,42,Remaining,0.764505119453925
0,RLI12-5,44,Aversive,0.029315960912052116
1,RLI12-5,44,Overlap,0.12866449511400652
2,RLI12-5,44,Neutral,0.06677524429967427
3,RLI12-5,44,Remaining,0.7752442996742671
0,RLI12-5,46,Aversive,0.028037383177570093
1,RLI12-5,46,Overlap,0.12305295950155763
2,RLI12-5,46,Neutral,0.06386292834890965
3,RLI12-5,46,Remaining,0.7850467289719626
0,RLI12-5,48,Aversive,0.026865671641791045
1,RLI12-5,48,Overlap,0.11791044776119403
2,RLI12-5,48,Neutral,0.0626865671641791
3,RLI12-5,48,Remaining,0.7925373134328358
0,RLI12-5,50,Aversive,0.025787965616045846
1,RLI12-5,50,Overlap,0.11318051575931232
2,RLI12-5,50,Neutral,0.06017191977077364
3,RLI12-5,50,Remaining,0.8008595988538681
0,RLI12-5,52,Aversive,0.02482758620689655
1,RLI12-5,52,Overlap,0.10896551724137932
2,RLI12-5,52,Neutral,0.057931034482758624
3,RLI12-5,52,Remaining,0.8082758620689655
0,RLI12-5,54,Aversive,0.02390438247011952
1,RLI12-5,54,Overlap,0.1049136786188579
2,RLI12-5,54,Neutral,0.055776892430278883
3,RLI12-5,54,Remaining,0.8154050464807437
0,RLI12-5,56,Aversive,0.023047375160051217
1,RLI12-5,56,Overlap,0.13316261203585147
2,RLI12-5,56,Neutral,0.05761843790012804
3,RLI12-5,56,Remaining,0.7861715749039693
0,RLI12-5,58,Aversive,0.022249690976514216
1,RLI12-5,58,Overlap,0.1631644004944376
2,RLI12-5,58,Neutral,0.05562422744128554
3,RLI12-5,58,Remaining,0.7589616810877626
0,RLI12-5,60,Aversive,0.021505376344086023
1,RLI12-5,60,Overlap,0.1911589008363202
2,RLI12-5,60,Neutral,0.053763440860215055
3,RLI12-5,60,Remaining,0.7335722819593787
0,RLI12-5,62,Aversive,0.020809248554913295
1,RLI12-5,62,Overlap,0.21734104046242775
2,RLI12-5,62,Neutral,0.05202312138728324
3,RLI12-5,62,Remaining,0.7098265895953757
0,RLI12-5,64,Aversive,0.020156774916013438
1,RLI12-5,64,Overlap,0.24188129899216126
2,RLI12-5,64,Neutral,0.05039193729003359
3,RLI12-5,64,Remaining,0.6875699888017918
0,RLI12-5,66,Aversive,0.0249728555917481
1,RLI12-5,66,Overlap,0.25950054288816504
2,RLI12-5,66,Neutral,0.048859934853420196
3,RLI12-5,66,Remaining,0.6666666666666666
0,RLI12-5,68,Aversive,0.05374077976817703
1,RLI12-5,68,Overlap,0.2518440463645943
2,RLI12-5,68,Neutral,0.04741833508956796
3,RLI12-5,68,Remaining,0.6469968387776607
0,RLI12-5,70,Aversive,0.08085977482088025
1,RLI12-5,70,Overlap,0.24462640736949848
2,RLI12-5,70,Neutral,0.04605936540429888
3,RLI12-5,70,Remaining,0.6284544524053224
0,RLI12-5,72,Aversive,0.09850746268656717
1,RLI12-5,72,Overlap,0.24577114427860697
2,RLI12-5,72,Neutral,0.04477611940298507
3,RLI12-5,72,Remaining,0.6109452736318408
0,RLI12-5,74,Aversive,0.10454985479186835
1,RLI12-5,74,Overlap,0.2575024201355276
2,RLI12-5,74,Neutral,0.04356243949661181
3,RLI12-5,74,Remaining,0.5943852855759922
0,RLI12-5,76,Aversive,0.12735849056603774
1,RLI12-5,76,Overlap,0.2509433962264151
2,RLI12-5,76,Neutral,0.04245283018867924
3,RLI12-5,76,Remaining,0.5792452830188679
0,RLI12-5,78,Aversive,0.13602941176470587
1,RLI12-5,78,Overlap,0.24724264705882354
2,RLI12-5,78,Neutral,0.05238970588235294
3,RLI12-5,78,Remaining,0.5643382352941176
0,RLI12-5,80,Aversive,0.13261648745519714
1,RLI12-5,80,Overlap,0.2410394265232975
2,RLI12-5,80,Neutral,0.07616487455197132
3,RLI12-5,80,Remaining,0.5501792114695341
0,RLI12-5,82,Aversive,0.12937062937062938
1,RLI12-5,82,Overlap,0.24125874125874125
2,RLI12-5,82,Neutral,0.09265734265734266
3,RLI12-5,82,Remaining,0.5367132867132867
0,RLI12-5,84,Aversive,0.12627986348122866
1,RLI12-5,84,Overlap,0.2363481228668942
2,RLI12-5,84,Neutral,0.11348122866894197
3,RLI12-5,84,Remaining,0.5238907849829352
0,RLI12-5,86,Aversive,0.12333333333333334
1,RLI12-5,86,Overlap,0.23083333333333333
2,RLI12-5,86,Neutral,0.13416666666666666
3,RLI12-5,86,Remaining,0.5116666666666667
0,RLI12-5,88,Aversive,0.12052117263843648
1,RLI12-5,88,Overlap,0.2255700325732899
2,RLI12-5,88,Neutral,0.15390879478827363
3,RLI12-5,88,Remaining,0.5
0,RLI12-5,90,Aversive,0.1178343949044586
1,RLI12-5,90,Overlap,0.23805732484076433
2,RLI12-5,90,Neutral,0.15445859872611464
3,RLI12-5,90,Remaining,0.4896496815286624
0,RLI12-5,92,Aversive,0.11526479750778816
1,RLI12-5,92,Overlap,0.2546728971962617
2,RLI12-5,92,Neutral,0.15109034267912771
3,RLI12-5,92,Remaining,0.47897196261682246
0,RLI12-5,94,Aversive,0.11280487804878049
1,RLI12-5,94,Overlap,0.2705792682926829
2,RLI12-5,94,Neutral,0.14786585365853658
3,RLI12-5,94,Remaining,0.46875
0,RLI12-5,96,Aversive,0.11044776119402985
1,RLI12-5,96,Overlap,0.28582089552238804
2,RLI12-5,96,Neutral,0.14477611940298507
3,RLI12-5,96,Remaining,0.458955223880597
0,RLI12-5,98,Aversive,0.10818713450292397
1,RLI12-5,98,Overlap,0.30043859649122806
2,RLI12-5,98,Neutral,0.14181286549707603
3,RLI12-5,98,Remaining,0.44956140350877194
0,RLI12-5,100,Aversive,0.10601719197707736
1,RLI12-5,100,Overlap,0.3137535816618911
2,RLI12-5,100,Neutral,0.13896848137535817
3,RLI12-5,100,Remaining,0.44126074498567336
